ts,TMP1,TMP2,TMP3,TMP4,TMP5,TMP6,TMP7,TMP8,TMP11,TMP12,TMP10,TMP9
2023-04-03 10:48:00,27.23,27.14,26.94,26.87,26.6,26.6,26.54,26.29,,,,
2023-04-03 10:49:00,27.17,27.134999999999998,26.9,26.705,26.490000000000002,26.58,26.515,26.34,26.47,26.325,26.465,26.275
2023-04-03 10:50:00,27.055,26.915,26.78,26.625,26.505,26.575,26.505,26.35,26.39,26.31,26.455,26.22
2023-04-03 10:51:00,27.145,27.034999999999997,26.84,26.705,26.66,26.75,26.725,26.58,26.560000000000002,26.405,26.505,26.32
2023-04-03 10:52:00,27.205,27.189999999999998,26.924999999999997,26.865,26.905,27.009999999999998,26.96,26.880000000000003,26.665,26.615000000000002,26.625,26.525
2023-04-03 10:53:00,27.380000000000003,27.375,27.17,27.0,27.155,27.285,27.259999999999998,27.130000000000003,26.935000000000002,26.89,26.89,26.845
2023-04-03 10:54:00,27.365000000000002,27.305,27.155,27.035,27.205,27.415,27.33,27.240000000000002,27.11,27.060000000000002,26.995,26.955
2023-04-03 10:55:00,27.755000000000003,27.655,27.560000000000002,27.455,27.605,27.805,27.78,27.605,27.295,27.29,27.244999999999997,27.205
2023-04-03 10:56:00,28.189999999999998,28.045,28.005,27.875,28.189999999999998,28.265,28.270000000000003,28.1,27.759999999999998,27.845,27.740000000000002,27.740000000000002
2023-04-03 10:57:00,28.45,28.29,28.29,28.174999999999997,28.46,28.595,28.575000000000003,28.479999999999997,28.2,28.3,28.15,28.175
2023-04-03 10:58:00,28.35,28.25,28.195,28.075,28.314999999999998,28.479999999999997,28.425,28.33,28.255000000000003,28.35,28.245,28.185000000000002
2023-04-03 10:59:00,28.205,28.08,28.009999999999998,27.875,28.060000000000002,28.200000000000003,28.259999999999998,28.045,27.91,28.075000000000003,28.0,27.905
2023-04-03 11:00:00,28.19,28.02,27.955,27.855,28.035,28.18,28.18,28.045,27.884999999999998,27.88,27.825,27.814999999999998
2023-04-03 11:01:00,28.115000000000002,27.990000000000002,27.875,27.77,27.89,28.04,28.055,27.89,27.784999999999997,27.845,27.75,27.695
2023-04-03 11:02:00,28.0,27.915,27.8,27.634999999999998,27.735,27.97,27.895,27.715000000000003,27.605,27.689999999999998,27.619999999999997,27.54
2023-04-03 11:03:00,27.759999999999998,27.745,27.63,27.495,27.585,27.740000000000002,27.72,27.575,27.445,27.435000000000002,27.439999999999998,27.345
2023-04-03 11:04:00,27.755000000000003,27.689999999999998,27.634999999999998,27.42,27.54,27.695,27.715,27.55,27.405,27.355,27.255000000000003,27.36
2023-04-03 11:05:00,27.67,27.615000000000002,27.495,27.41,27.485,27.54,27.6,27.46,27.21,27.25,27.21,27.189999999999998
2023-04-03 11:06:00,27.68,27.58,27.54,27.384999999999998,27.450000000000003,27.62,27.634999999999998,27.555,27.235,27.22,27.165,27.17
2023-04-03 11:07:00,27.67,27.689999999999998,27.595,27.475,27.465,27.66,27.61,27.54,27.23,27.345,27.22,27.299999999999997
2023-04-03 11:08:00,27.72,27.665,27.630000000000003,27.475,27.52,27.64,27.665,27.62,27.240000000000002,27.284999999999997,27.19,27.240000000000002
2023-04-03 11:09:00,27.689999999999998,27.69,27.615000000000002,27.485,27.515,27.73,27.68,27.57,27.275,27.335,27.18,27.215
2023-04-03 11:10:00,27.765,27.765,27.615000000000002,27.545,27.53,27.69,27.675,27.58,27.265,27.355,27.189999999999998,27.27
2023-04-03 11:11:00,28.060000000000002,28.005000000000003,27.895,27.799999999999997,27.83,27.924999999999997,27.955,27.82,27.265,27.42,27.314999999999998,27.435000000000002
2023-04-03 11:12:00,28.32,28.235,28.18,28.08,28.085,28.259999999999998,28.235,28.045,27.534999999999997,27.73,27.58,27.700000000000003
2023-04-03 11:13:00,28.66,28.505000000000003,28.490000000000002,28.355,28.490000000000002,28.61,28.494999999999997,28.46,27.835,28.05,27.855,28.095
2023-04-03 11:14:00,28.85,28.63,28.65,28.465,28.47,28.58,28.55,28.525,27.939999999999998,28.17,27.96,28.15
2023-04-03 11:15:00,28.884999999999998,28.72,28.59,28.450000000000003,28.534999999999997,28.6,28.585,28.560000000000002,27.965,28.19,27.985,28.085
2023-04-03 11:16:00,28.9,28.855,28.765,28.62,28.64,28.75,28.71,28.68,28.049999999999997,28.195,28.085,28.255
2023-04-03 11:17:00,29.235,29.134999999999998,29.1,28.939999999999998,28.945,29.02,29.015,28.85,28.314999999999998,28.490000000000002,28.384999999999998,28.585
2023-04-03 11:18:00,29.22,29.165,29.020000000000003,28.84,28.895,28.995,28.955,28.89,28.415,28.625,28.455,28.67
2023-04-03 11:19:00,29.25,29.165,29.05,28.94,28.92,28.93,28.925,28.945,28.39,28.52,28.41,28.575
2023-04-03 11:20:00,29.32,29.205,29.165,28.995,29.03,29.09,29.045,28.985,28.445,28.59,28.445,28.68
2023-04-03 11:21:00,29.4,29.335,29.235,29.04,29.04,29.215000000000003,29.145,29.119999999999997,28.615000000000002,28.740000000000002,28.59,28.835
2023-04-03 11:22:00,29.4,29.375,29.29,29.130000000000003,29.21,29.255000000000003,29.28,29.275,28.725,28.855,28.715,28.89
2023-04-03 11:23:00,29.28,29.27,29.125,28.855,29.015,29.064999999999998,29.055,28.935000000000002,28.564999999999998,28.835,28.575000000000003,28.735
2023-04-03 11:24:00,28.975,28.985,28.85,28.630000000000003,28.61,28.61,28.585,28.555,28.175,28.365000000000002,28.225,28.310000000000002
2023-04-03 11:25:00,28.845,28.86,28.66,28.485,28.425,28.52,28.45,28.435,27.905,28.08,27.95,28.09
2023-04-03 11:26:00,28.595,28.6,28.47,28.275,28.23,28.240000000000002,28.240000000000002,28.155,27.705,27.865000000000002,27.745,27.91
2023-04-03 11:27:00,28.285,28.25,28.16,28.04,28.020000000000003,28.11,27.994999999999997,28.01,27.53,27.68,27.505000000000003,27.66
2023-04-03 11:28:00,28.39,28.34,28.185,28.065,28.025,28.145000000000003,28.0,28.06,27.57,27.62,27.509999999999998,27.67
2023-04-03 11:29:00,28.665,28.485,28.384999999999998,28.244999999999997,28.15,28.34,28.285,28.174999999999997,27.58,27.759999999999998,27.525,27.77
2023-04-03 11:30:00,28.63,28.605,28.455,28.345,28.305,28.375,28.275,28.32,27.67,27.86,27.69,27.94
2023-04-03 11:31:00,28.61,28.549999999999997,28.395000000000003,28.29,28.285,28.295,28.255,28.28,27.68,27.86,27.65,27.865000000000002
2023-04-03 11:32:00,28.535,28.54,28.33,28.265,28.23,28.28,28.255000000000003,28.275,27.645000000000003,27.770000000000003,27.630000000000003,27.79
2023-04-03 11:33:00,28.485,28.485,28.345,28.295,28.314999999999998,28.25,28.285,28.36,27.685000000000002,27.785,27.66,27.855
2023-04-03 11:34:00,28.505,28.494999999999997,28.35,28.255,28.29,28.295,28.32,28.335,27.72,27.87,27.695,27.92
2023-04-03 11:35:00,28.585,28.549999999999997,28.44,28.355,28.39,28.43,28.37,28.43,27.75,27.975,27.759999999999998,27.950000000000003
2023-04-03 11:36:00,28.695,28.685000000000002,28.534999999999997,28.46,28.56,28.525,28.5,28.490000000000002,27.855,28.085,27.825,28.11
2023-04-03 11:37:00,28.94,28.825,28.79,28.725,28.795,28.799999999999997,28.795,28.795,28.064999999999998,28.33,28.09,28.365000000000002
2023-04-03 11:38:00,29.25,29.075,29.075,28.95,29.08,29.115,29.08,29.025,28.354999999999997,28.67,28.4,28.715
2023-04-03 11:39:00,29.23,29.134999999999998,29.15,28.985,29.15,29.11,29.07,29.12,28.425,28.715,28.465000000000003,28.725
2023-04-03 11:40:00,29.21,29.105,29.1,29.005000000000003,29.025,29.035,28.955,29.13,28.424999999999997,28.735,28.515,28.785
2023-04-03 11:41:00,29.03,28.975,28.935000000000002,28.795,28.94,28.845,28.835,28.924999999999997,28.345,28.575,28.355,28.58
2023-04-03 11:42:00,29.04,28.990000000000002,28.945,28.895,28.935000000000002,28.93,28.965,29.0,28.335,28.585,28.424999999999997,28.57
2023-04-03 11:43:00,28.915,28.92,28.799999999999997,28.66,28.72,28.755000000000003,28.700000000000003,28.735,28.21,28.41,28.16,28.43
2023-04-03 11:44:00,28.795,28.645000000000003,28.64,28.490000000000002,28.57,28.595,28.564999999999998,28.564999999999998,28.02,28.205,28.025,28.16
2023-04-03 11:45:00,28.810000000000002,28.735,28.615000000000002,28.53,28.549999999999997,28.65,28.615000000000002,28.615,28.1,28.255000000000003,28.075,28.285
2023-04-03 11:46:00,28.765,28.700000000000003,28.6,28.560000000000002,28.54,28.59,28.6,28.630000000000003,27.985,28.215,28.064999999999998,28.23
2023-04-03 11:47:00,29.064999999999998,29.0,28.895,28.814999999999998,28.939999999999998,28.865000000000002,28.895,28.92,28.235,28.450000000000003,28.215,28.475
2023-04-03 11:48:00,29.505000000000003,29.375,29.314999999999998,29.245,29.35,29.34,29.25,29.31,28.560000000000002,28.835,28.565,28.93
2023-04-03 11:49:00,29.83,29.71,29.715,29.585,29.729999999999997,29.700000000000003,29.655,29.64,28.93,29.06,28.909999999999997,29.235
2023-04-03 11:50:00,30.115,30.005,30.005,29.9,30.060000000000002,30.0,29.985,29.979999999999997,29.23,29.455,29.325000000000003,29.67
2023-04-03 11:51:00,29.955,29.945,29.89,29.7,29.935000000000002,29.865000000000002,29.82,29.945,29.235,29.465,29.305,29.54
2023-04-03 11:52:00,29.98,29.935,29.85,29.735,29.825,29.770000000000003,29.785,29.775,29.14,29.365000000000002,29.17,29.475
2023-04-03 11:53:00,29.98,29.945,29.85,29.705,29.810000000000002,29.770000000000003,29.77,29.810000000000002,29.1,29.310000000000002,29.15,29.39
2023-04-03 11:54:00,29.89,29.86,29.785,29.630000000000003,29.72,29.655,29.6,29.645,28.93,29.25,29.035,29.22
2023-04-03 11:55:00,29.575000000000003,29.525,29.424999999999997,29.29,29.345,29.375,29.32,29.325,28.68,28.92,28.725,28.945
2023-04-03 11:56:00,29.445,29.490000000000002,29.41,29.295,29.355,29.31,29.29,29.375,28.755000000000003,28.990000000000002,28.805,29.02
2023-04-03 11:57:00,29.295,29.285,29.155,29.045,29.105,29.155,29.075000000000003,29.205,28.53,28.755000000000003,28.56,28.67
2023-04-03 11:58:00,29.439999999999998,29.3,29.21,29.11,29.11,29.125,29.125,29.134999999999998,28.545,28.725,28.52,28.75
2023-04-03 11:59:00,29.43,29.270000000000003,29.25,29.105,29.189999999999998,29.235,29.165,29.195,28.549999999999997,28.745,28.6,28.845
2023-04-03 12:00:00,29.535,29.365000000000002,29.35,29.244999999999997,29.285,29.259999999999998,29.240000000000002,29.3,28.61,28.78,28.695,28.895
2023-04-03 12:01:00,29.625,29.505,29.495,29.35,29.445,29.39,29.36,29.45,28.735,28.895,28.75,29.005000000000003
2023-04-03 12:02:00,29.685000000000002,29.62,29.494999999999997,29.445,29.515,29.4,29.46,29.549999999999997,28.810000000000002,29.045,28.84,29.12
2023-04-03 12:03:00,29.71,29.65,29.555,29.39,29.515,29.490000000000002,29.465,29.505,28.825,29.08,28.85,29.16
2023-04-03 12:04:00,29.7,29.655,29.575,29.465,29.57,29.475,29.55,29.53,28.905,29.075000000000003,28.88,29.195
2023-04-03 12:05:00,29.53,29.549999999999997,29.38,29.275,29.310000000000002,29.37,29.27,29.355,28.715,28.985,28.745,28.95
2023-04-03 12:06:00,29.545,29.509999999999998,29.405,29.35,29.395,29.375,29.35,29.44,28.87,29.005,28.78,28.994999999999997
2023-04-03 12:07:00,29.875,29.75,29.67,29.555,29.65,29.67,29.475,29.634999999999998,28.95,29.28,29.04,29.2
2023-04-03 12:08:00,29.665,29.58,29.515,29.36,29.49,29.41,29.384999999999998,29.46,28.865000000000002,29.1,28.875,29.045
2023-04-03 12:09:00,29.625,29.549999999999997,29.39,29.32,29.375,29.345,29.39,29.424999999999997,28.86,29.14,28.85,29.12
2023-04-03 12:10:00,29.666666666666668,29.593333333333334,29.51,29.396666666666665,29.483333333333334,29.453333333333333,29.463333333333335,29.486666666666665,28.89,29.105,28.875,29.11
2023-04-03 12:11:00,29.67,29.67,29.45,29.41,29.439999999999998,29.465,29.4,29.49,28.865000000000002,29.075000000000003,28.884999999999998,29.08
2023-04-03 12:12:00,29.715,29.634999999999998,29.53,29.44,29.545,29.47,29.435,29.54,28.880000000000003,29.104999999999997,28.88,29.155
2023-04-03 12:13:00,29.494999999999997,29.48,29.35,29.25,29.340000000000003,29.3,29.299999999999997,29.369999999999997,28.799999999999997,29.07,28.810000000000002,29.105
2023-04-03 12:14:00,29.305,29.26,29.14,29.04,29.185,29.125,29.075000000000003,29.165,28.66,28.855,28.73,28.84
2023-04-03 12:15:00,29.205,29.165,29.095,29.05,29.165,29.1,29.125,29.22,28.54,28.759999999999998,28.585,28.73
2023-04-03 12:16:00,29.3,29.25,29.12,29.09,29.134999999999998,29.15,29.15,29.240000000000002,28.67,28.805,28.65,28.865000000000002
2023-04-03 12:17:00,29.259999999999998,29.229999999999997,29.185000000000002,29.115000000000002,29.215000000000003,29.195,29.17,29.335,28.66,28.84,28.605,28.82
2023-04-03 12:18:00,29.445,29.43,29.255,29.225,29.384999999999998,29.335,29.325,29.43,28.700000000000003,28.96,28.715,28.975
2023-04-03 12:19:00,29.68,29.615000000000002,29.465,29.42,29.535,29.515,29.435,29.5,28.865000000000002,29.135,28.895,29.11
2023-04-03 12:20:00,30.0,29.880000000000003,29.795,29.7,29.84,29.755000000000003,29.735,29.83,29.09,29.24,29.105,29.365000000000002
2023-04-03 12:21:00,30.064999999999998,29.939999999999998,29.945,29.835,29.985,29.97,29.9,29.924999999999997,29.21,29.53,29.19,29.505
2023-04-03 12:22:00,30.314999999999998,30.15,30.18,30.07,30.18,30.145,30.095,30.14,29.439999999999998,29.67,29.42,29.695
2023-04-03 12:23:00,30.41,30.310000000000002,30.195,30.104999999999997,30.31,30.335,30.225,30.3,29.595,29.945,29.645000000000003,29.884999999999998
2023-04-03 12:24:00,30.42,30.365000000000002,30.275,30.25,30.35,30.3,30.310000000000002,30.395,29.73,30.015,29.73,30.025
2023-04-03 12:25:00,30.384999999999998,30.369999999999997,30.240000000000002,30.14,30.240000000000002,30.225,30.17,30.235,29.564999999999998,29.87,29.61,29.924999999999997
2023-04-03 12:26:00,30.345,30.335,30.200000000000003,30.155,30.15,30.15,30.125,30.21,29.555,29.759999999999998,29.545,29.745
2023-04-03 12:27:00,30.41,30.384999999999998,30.310000000000002,30.16,30.29,30.259999999999998,30.275,30.32,29.685000000000002,29.884999999999998,29.67,29.925
2023-04-03 12:28:00,30.28,30.23,30.105,29.965,30.15,30.104999999999997,30.095,30.17,29.59,29.845,29.6,29.884999999999998
2023-04-03 12:29:00,30.255000000000003,30.174999999999997,30.060000000000002,29.965,30.035,30.02,29.97,30.105,29.494999999999997,29.67,29.47,29.71
2023-04-03 12:30:00,30.195,30.17,30.055,29.925,30.035,29.915,29.939999999999998,30.075,29.455,29.634999999999998,29.455,29.695
2023-04-03 12:31:00,30.225,30.17,30.055,29.96,30.02,29.93,29.945,30.02,29.445,29.59,29.384999999999998,29.635
2023-04-03 12:32:00,30.244999999999997,30.22,30.12,29.955,30.08,30.045,29.95,30.119999999999997,29.5,29.655,29.47,29.72
2023-04-03 12:33:00,30.305,30.29,30.235,30.195,30.235,30.19,30.15,30.23,29.55,29.740000000000002,29.57,29.785
2023-04-03 12:34:00,30.33,30.365000000000002,30.22,30.165,30.240000000000002,30.19,30.165,30.235,29.67,29.82,29.56,29.869999999999997
2023-04-03 12:35:00,30.27,30.23,30.07,29.990000000000002,30.095,30.049999999999997,30.07,30.085,29.545,29.685000000000002,29.520000000000003,29.745
2023-04-03 12:36:00,30.17,30.145,30.02,29.909999999999997,30.025,29.950000000000003,29.97,29.975,29.37,29.6,29.37,29.61
2023-04-03 12:37:00,30.255,30.195,30.130000000000003,30.05,30.130000000000003,30.08,30.045,30.15,29.490000000000002,29.64,29.475,29.705
2023-04-03 12:38:00,30.395000000000003,30.41,30.31,30.175,30.259999999999998,30.295,30.270000000000003,30.335,29.665,29.88,29.59,29.93
2023-04-03 12:39:00,30.64,30.61,30.509999999999998,30.424999999999997,30.509999999999998,30.485,30.505000000000003,30.555,29.87,30.095,29.86,30.13
2023-04-03 12:40:00,30.895,30.78,30.655,30.555,30.74,30.645,30.604999999999997,30.725,30.09,30.395,30.105,30.335
2023-04-03 12:41:00,30.655,30.61,30.564999999999998,30.439999999999998,30.604999999999997,30.525,30.47,30.604999999999997,29.985,30.205,30.0,30.22
2023-04-03 12:42:00,30.689999999999998,30.7,30.615000000000002,30.47,30.595,30.634999999999998,30.564999999999998,30.665,29.95,30.16,29.939999999999998,30.205
2023-04-03 12:43:00,30.634999999999998,30.59,30.61,30.509999999999998,30.564999999999998,30.545,30.56,30.564999999999998,29.91,30.189999999999998,29.965,30.245
2023-04-03 12:44:00,30.63,30.66,30.515,30.535,30.58,30.55,30.485,30.575,29.955,30.119999999999997,29.93,30.189999999999998
2023-04-03 12:45:00,30.74,30.765,30.685000000000002,30.67,30.725,30.695,30.73,30.770000000000003,30.04,30.22,30.060000000000002,30.305
2023-04-03 12:46:00,30.97,30.995,31.0,30.85,30.97,30.925,30.93,31.07,30.285,30.64,30.354999999999997,30.6
2023-04-03 12:47:00,31.13,31.095,31.060000000000002,31.045,31.075000000000003,31.115000000000002,31.09,31.185000000000002,30.36,30.695,30.46,30.674999999999997
2023-04-03 12:48:00,31.27,31.165,31.245,31.104999999999997,31.295,31.18,31.185000000000002,31.21,30.54,30.855,30.564999999999998,30.845
2023-04-03 12:49:00,31.369999999999997,31.35,31.3,31.18,31.33,31.314999999999998,31.244999999999997,31.345,30.655,30.91,30.705,30.97
2023-04-03 12:50:00,31.284999999999997,31.189999999999998,31.205,31.035,31.16,31.15,31.125,31.165,30.555,30.705,30.525,30.765
2023-04-03 12:51:00,31.05,31.015,30.915,30.759999999999998,30.86,30.775,30.75,30.825,30.195,30.515,30.345,30.52
2023-04-03 12:52:00,30.715,30.71,30.57,30.485,30.515,30.5,30.445,30.535,30.0,30.17,30.035,30.215000000000003
2023-04-03 12:53:00,30.509999999999998,30.5,30.354999999999997,30.26,30.265,30.235,30.19,30.3,29.765,29.985,29.765,29.924999999999997
2023-04-03 12:54:00,30.35,30.310000000000002,30.195,30.064999999999998,30.13,30.09,30.11,30.125,29.595,29.795,29.625,29.765
2023-04-03 12:55:00,30.31,30.32,30.205,30.134999999999998,30.185000000000002,30.155,30.195,30.245,29.745,29.815,29.745,29.9
2023-04-03 12:56:00,30.325000000000003,30.380000000000003,30.215,30.145000000000003,30.19,30.215,30.200000000000003,30.28,29.759999999999998,29.935,29.725,29.965
2023-04-03 12:57:00,30.240000000000002,30.299999999999997,30.125,30.165,30.240000000000002,30.255,30.200000000000003,30.3,29.795,29.91,29.745,29.95
2023-04-03 12:58:00,30.265,30.305,30.185000000000002,30.1,30.2,30.19,30.21,30.29,29.685,29.865000000000002,29.645000000000003,29.905
2023-04-03 12:59:00,30.16,30.13,30.1,30.04,30.17,30.125,30.07,30.259999999999998,29.645000000000003,29.825000000000003,29.549999999999997,29.814999999999998
2023-04-03 13:00:00,30.325000000000003,30.259999999999998,30.23,30.11,30.255,30.305,30.215,30.4,29.825,29.975,29.75,30.0
2023-04-03 13:01:00,30.215,30.23,30.14,30.04,30.225,30.165,30.135,30.23,29.69,29.884999999999998,29.655,29.89
2023-04-03 13:02:00,30.325000000000003,30.259999999999998,30.14,30.060000000000002,30.25,30.17,30.06,30.244999999999997,29.59,29.82,29.59,29.91
2023-04-03 13:03:00,30.305,30.19,30.134999999999998,30.14,30.185,30.15,30.125,30.215,29.585,29.705,29.549999999999997,29.82
2023-04-03 13:04:00,30.235,30.17,30.11,29.994999999999997,30.155,30.13,30.045,30.16,29.505,29.715,29.494999999999997,29.814999999999998
2023-04-03 13:05:00,30.18,30.23,29.979999999999997,30.005000000000003,30.07,30.045,29.990000000000002,30.115000000000002,29.439999999999998,29.61,29.450000000000003,29.725
2023-04-03 13:06:00,30.35,30.240000000000002,30.14,30.08,30.134999999999998,30.18,30.1,30.195,29.53,29.71,29.515,29.83
2023-04-03 13:07:00,30.355,30.32,30.18,30.145000000000003,30.32,30.29,30.105,30.235,29.63,29.845,29.62,29.88
2023-04-03 13:08:00,30.555,30.48,30.38,30.35,30.405,30.405,30.310000000000002,30.445,29.78,29.939999999999998,29.755000000000003,30.130000000000003
2023-04-03 13:09:00,30.975,30.935000000000002,30.9,30.875,31.015,30.865000000000002,30.835,30.905,30.189999999999998,30.53,30.195,30.5
2023-04-03 13:10:00,31.380000000000003,31.265,31.265,31.155,31.37,31.235,31.225,31.314999999999998,30.575000000000003,30.97,30.625,30.98
2023-04-03 13:11:00,31.33,31.119999999999997,31.155,30.97,31.205,31.115000000000002,31.02,31.11,30.465,30.905,30.565,30.83
2023-04-03 13:12:00,31.07,30.97,30.955,30.835,30.95,30.965,30.92,31.035,30.455,30.689999999999998,30.43,30.689999999999998
2023-04-03 13:13:00,31.354999999999997,31.31,31.23,31.18,31.39,31.34,31.314999999999998,31.32,30.695,30.96,30.75,30.990000000000002
2023-04-03 13:14:00,31.565,31.475,31.46,31.439999999999998,31.62,31.57,31.495,31.689999999999998,30.945,31.18,31.02,31.355
2023-04-03 13:15:00,31.715,31.685000000000002,31.66,31.505000000000003,31.759999999999998,31.73,31.689999999999998,31.765,31.115000000000002,31.42,31.19,31.475
2023-04-03 13:16:00,31.605,31.6,31.57,31.384999999999998,31.57,31.575000000000003,31.525,31.675,31.09,31.310000000000002,31.08,31.36
2023-04-03 13:17:00,31.625,31.65,31.595,31.41,31.615000000000002,31.645000000000003,31.575,31.675,31.06,31.284999999999997,31.095,31.375
2023-04-03 13:18:00,31.58,31.6,31.564999999999998,31.509999999999998,31.59,31.59,31.605,31.665,31.03,31.34,31.104999999999997,31.295
2023-04-03 13:19:00,31.71,31.71,31.675,31.6,31.655,31.695,31.630000000000003,31.79,31.16,31.375,31.130000000000003,31.46
2023-04-03 13:20:00,31.805,31.885,31.775,31.735,31.77,31.78,31.755000000000003,31.865000000000002,31.23,31.435000000000002,31.305,31.490000000000002
2023-04-03 13:21:00,32.019999999999996,32.0,31.96,31.905,32.025,31.93,31.970000000000002,32.05,31.325000000000003,31.595,31.450000000000003,31.65
2023-04-03 13:22:00,32.129999999999995,32.019999999999996,32.065,31.895,32.125,32.06,32.010000000000005,32.16,31.42,31.7,31.490000000000002,31.835
2023-04-03 13:23:00,31.979999999999997,31.964999999999996,31.9,31.695,31.9,31.785,31.78,31.81,31.16,31.505000000000003,31.29,31.5
2023-04-03 13:24:00,31.445,31.415,31.235,31.14,31.285,31.174999999999997,31.165,31.229999999999997,30.655,30.92,30.67,30.88
2023-04-03 13:25:00,31.085,31.005000000000003,30.95,30.905,30.925,30.89,30.905,31.02,30.450000000000003,30.57,30.41,30.549999999999997
2023-04-03 13:26:00,30.93,30.895,30.8,30.72,30.799999999999997,30.79,30.815,30.925,30.325,30.42,30.265,30.41
2023-04-03 13:27:00,31.119999999999997,31.060000000000002,31.03,31.0,31.025,31.02,31.075000000000003,31.105,30.450000000000003,30.525,30.415,30.735
2023-04-03 13:28:00,31.5,31.5,31.450000000000003,31.43,31.560000000000002,31.58,31.5,31.57,30.855,31.115000000000002,30.925,31.145
2023-04-03 13:29:00,31.69,31.655,31.595,31.535,31.705,31.61,31.61,31.71,31.009999999999998,31.305,31.04,31.285
2023-04-03 13:30:00,31.759999999999998,31.75,31.665,31.545,31.71,31.665,31.51,31.675,31.064999999999998,31.299999999999997,31.005,31.259999999999998
2023-04-03 13:31:00,31.905,31.884999999999998,31.85,31.785,31.880000000000003,31.85,31.865000000000002,31.86,31.215,31.485,31.225,31.535
2023-04-03 13:32:00,31.884999999999998,31.814999999999998,31.755,31.66,31.79,31.770000000000003,31.735,31.83,31.205,31.415,31.225,31.475
2023-04-03 13:33:00,31.823333333333334,31.75,31.66,31.593333333333334,31.683333333333334,31.62,31.64,31.706666666666667,31.1,31.295,31.07,31.285
2023-04-03 13:34:00,31.835,31.795,31.675,31.61,31.674999999999997,31.700000000000003,31.545,31.75,31.125,31.365000000000002,31.125,31.32
2023-04-03 13:35:00,31.62,31.685000000000002,31.58,31.490000000000002,31.595,31.564999999999998,31.505000000000003,31.61,30.98,31.17,30.93,31.255
2023-04-03 13:36:00,31.655,31.61,31.5,31.435000000000002,31.525,31.490000000000002,31.375,31.55,30.895,31.185000000000002,30.939999999999998,31.215
2023-04-03 13:37:00,31.505,31.46,31.42,31.37,31.354999999999997,31.335,31.299999999999997,31.445,30.685000000000002,30.945,30.66,30.9
2023-04-03 13:38:00,31.53,31.505000000000003,31.41,31.355,31.505,31.424999999999997,31.405,31.545,30.689999999999998,30.945,30.705,30.965
2023-04-03 13:39:00,31.58,31.535,31.515,31.42,31.555,31.555,31.55,31.59,30.86,31.08,30.9,31.1
2023-04-03 13:40:00,31.54,31.54,31.41,31.384999999999998,31.51,31.495,31.4,31.6,30.86,31.13,30.924999999999997,31.14
2023-04-03 13:41:00,31.47,31.450000000000003,31.315,31.310000000000002,31.365000000000002,31.41,31.39,31.535,30.89,31.134999999999998,30.85,31.115000000000002
2023-04-03 13:42:00,31.245,31.305,31.175,31.064999999999998,31.1,31.185,31.115000000000002,31.240000000000002,30.685000000000002,30.975,30.73,30.880000000000003
2023-04-03 13:43:00,31.215,31.22,31.1,31.065,31.105,31.134999999999998,31.09,31.18,30.575,30.855,30.555,30.775
2023-04-03 13:44:00,31.23,31.24,31.145000000000003,31.09,31.18,31.2,31.16,31.28,30.634999999999998,30.84,30.665,30.84
2023-04-03 13:45:00,31.31,31.284999999999997,31.165,31.11,31.21,31.25,31.240000000000002,31.34,30.655,30.835,30.65,30.84
2023-04-03 13:46:00,31.33,31.229999999999997,31.155,31.09,31.235,31.205,31.174999999999997,31.305,30.619999999999997,30.845,30.67,30.950000000000003
2023-04-03 13:47:00,31.295,31.25,31.165,31.115000000000002,31.25,31.255,31.195,31.36,30.75,30.880000000000003,30.69,30.945
2023-04-03 13:48:00,31.415,31.369999999999997,31.310000000000002,31.270000000000003,31.299999999999997,31.365000000000002,31.305,31.450000000000003,30.75,30.92,30.755000000000003,30.994999999999997
2023-04-03 13:49:00,31.585,31.59,31.485,31.4,31.52,31.485,31.465000000000003,31.615000000000002,30.915,31.185000000000002,30.915,31.21
2023-04-03 13:50:00,31.685000000000002,31.71,31.68,31.575000000000003,31.65,31.634999999999998,31.595,31.815,31.02,31.259999999999998,30.995,31.32
2023-04-03 13:51:00,32.155,32.165,32.05,31.974999999999998,32.185,32.129999999999995,32.1,32.17,31.295,31.575000000000003,31.325000000000003,31.655
2023-04-03 13:52:00,32.480000000000004,32.46,32.400000000000006,32.34,32.44,32.375,32.44,32.519999999999996,31.66,32.045,31.835,32.125
2023-04-03 13:53:00,32.43,32.425,32.379999999999995,32.245000000000005,32.4,32.379999999999995,32.32,32.459999999999994,31.77,32.145,31.855,32.11
2023-04-03 13:54:00,32.46,32.445,32.465,32.335,32.49,32.38,32.455,32.555,31.75,31.955,31.784999999999997,32.075
2023-04-03 13:55:00,32.465,32.415000000000006,32.394999999999996,32.245000000000005,32.41,32.395,32.315,32.495000000000005,31.83,32.075,31.835,32.120000000000005
2023-04-03 13:56:00,32.34,32.28,32.269999999999996,32.15,32.2,32.155,32.084999999999994,32.33,31.65,31.865000000000002,31.655,31.93
2023-04-03 13:57:00,32.155,32.14,32.09,32.035,32.055,32.035,31.994999999999997,32.185,31.520000000000003,31.675,31.47,31.685000000000002
2023-04-03 13:58:00,32.09,32.045,31.9,31.884999999999998,31.9,31.924999999999997,31.81,32.065,31.345,31.48,31.285,31.55
2023-04-03 13:59:00,32.0,32.045,31.990000000000002,31.96,31.88,31.88,31.854999999999997,32.01,31.285,31.375,31.259999999999998,31.51
2023-04-03 14:00:00,32.25,32.230000000000004,32.11,32.114999999999995,32.165,32.144999999999996,32.175,32.209999999999994,31.5,31.695,31.505,31.744999999999997
2023-04-03 14:01:00,32.31,32.29,32.22,32.16,32.25,32.215,32.11,32.245,31.494999999999997,31.78,31.535,31.795
2023-04-03 14:02:00,32.29,32.29,32.269999999999996,32.14,32.25,32.25,32.22,32.325,31.615000000000002,31.915,31.6,31.9
2023-04-03 14:03:00,32.254999999999995,32.26,32.17,32.05500000000001,32.215,32.16,32.125,32.260000000000005,31.509999999999998,31.765,31.564999999999998,31.814999999999998
2023-04-03 14:04:00,32.31,32.28,32.265,32.215,32.29,32.18,32.235,32.38,31.605,31.83,31.58,31.795
2023-04-03 14:05:00,32.379999999999995,32.365,32.315,32.225,32.364999999999995,32.335,32.290000000000006,32.42,31.7,31.965,31.7,31.994999999999997
2023-04-03 14:06:00,32.32,32.355000000000004,32.285,32.230000000000004,32.395,32.41,32.35,32.555,31.79,31.985,31.795,32.04
2023-04-03 14:07:00,32.44,32.405,32.415,32.31,32.47,32.56,32.47,32.63,31.91,32.019999999999996,31.915,32.129999999999995
2023-04-03 14:08:00,32.665,32.65,32.59,32.55,32.695,32.665000000000006,32.629999999999995,32.864999999999995,32.05,32.25,32.06,32.38
2023-04-03 14:09:00,32.745000000000005,32.725,32.69,32.485,32.69,32.68,32.64,32.745000000000005,32.14,32.495,32.224999999999994,32.385
2023-04-03 14:10:00,32.41,32.39,32.345,32.24,32.305,32.34,32.254999999999995,32.425,31.799999999999997,32.065,31.784999999999997,32.065
2023-04-03 14:11:00,32.495000000000005,32.51,32.44,32.334999999999994,32.45,32.45,32.47,32.565,31.950000000000003,32.06,31.865,32.155
2023-04-03 14:12:00,32.75,32.775,32.68,32.61,32.735,32.775,32.675,32.875,32.09,32.290000000000006,32.125,32.370000000000005
2023-04-03 14:13:00,33.004999999999995,32.91,32.885,32.81,33.0,32.93,32.900000000000006,32.98,32.235,32.394999999999996,32.295,32.565
2023-04-03 14:14:00,33.004999999999995,32.925,32.864999999999995,32.79,32.925,32.855,32.925,33.019999999999996,32.28,32.510000000000005,32.345,32.665
2023-04-03 14:15:00,33.065,32.99,33.019999999999996,32.85,32.989999999999995,32.97,32.975,33.085,32.285,32.49,32.365,32.595
2023-04-03 14:16:00,33.09,33.065,33.03,32.95,33.1,33.035,33.025,33.129999999999995,32.36,32.635000000000005,32.43,32.635000000000005
2023-04-03 14:17:00,33.085,33.05500000000001,32.935,32.81,32.97,32.92,32.93,33.035,32.31,32.51,32.315,32.555
2023-04-03 14:18:00,32.894999999999996,32.94,32.83,32.724999999999994,32.78,32.769999999999996,32.7,32.870000000000005,32.175,32.31,32.165000000000006,32.455
2023-04-03 14:19:00,32.675,32.825,32.64,32.53,32.63,32.585,32.575,32.69,32.065,32.099999999999994,32.019999999999996,32.2
2023-04-03 14:20:00,32.675,32.7,32.545,32.519999999999996,32.53,32.519999999999996,32.485,32.655,31.950000000000003,31.975,31.91,32.114999999999995
2023-04-03 14:21:00,32.565,32.644999999999996,32.480000000000004,32.355000000000004,32.4,32.405,32.364999999999995,32.44,31.92,32.025,31.875,32.084999999999994
2023-04-03 14:22:00,32.315,32.375,32.254999999999995,32.215,32.230000000000004,32.21,32.15,32.36,31.795,31.854999999999997,31.74,31.86
2023-04-03 14:23:00,32.315,32.35,32.275,32.165000000000006,32.235,32.245,32.225,32.394999999999996,31.75,31.975,31.71,31.94
2023-04-03 14:24:00,32.47,32.475,32.355000000000004,32.21,32.415000000000006,32.394999999999996,32.365,32.465,31.845,32.03,31.805,32.025000000000006
2023-04-03 14:25:00,32.42,32.455,32.370000000000005,32.31,32.379999999999995,32.39,32.34,32.495000000000005,31.814999999999998,32.03,31.76,32.055
2023-04-03 14:26:00,32.370000000000005,32.385,32.335,32.31,32.355000000000004,32.325,32.285,32.45,31.775,31.98,31.744999999999997,31.979999999999997
2023-04-03 14:27:00,32.32,32.34,32.224999999999994,32.18,32.239999999999995,32.25,32.215,32.370000000000005,31.755,31.925,31.67,31.9
2023-04-03 14:28:00,32.485,32.54,32.515,32.47,32.485,32.465,32.5,32.629999999999995,31.84,32.02,31.78,32.07
2023-04-03 14:29:00,32.795,32.785,32.69,32.675,32.81,32.735,32.68,32.85,31.994999999999997,32.285,32.09,32.295
2023-04-03 14:30:00,32.94499999999999,33.015,32.995000000000005,32.855000000000004,33.11,32.97,32.985,33.105000000000004,32.35,32.59,32.364999999999995,32.655
2023-04-03 14:31:00,33.31,33.205,33.265,33.230000000000004,33.385000000000005,33.26,33.290000000000006,33.345,32.519999999999996,32.78,32.614999999999995,32.855
2023-04-03 14:32:00,33.405,33.325,33.35,33.235,33.39,33.364999999999995,33.31,33.425,32.629999999999995,32.955,32.739999999999995,33.019999999999996
2023-04-03 14:33:00,33.42,33.365,33.405,33.31,33.44,33.385,33.290000000000006,33.455,32.69,32.965,32.76,33.08
2023-04-03 14:34:00,33.535,33.475,33.525000000000006,33.43,33.6,33.55,33.510000000000005,33.655,32.835,33.155,32.935,33.2
2023-04-03 14:35:00,33.66,33.61,33.64,33.545,33.72,33.665,33.66,33.724999999999994,32.91,33.22,33.01,33.254999999999995
2023-04-03 14:36:00,33.68,33.69,33.68,33.504999999999995,33.71,33.665000000000006,33.585,33.74,32.92,33.295,33.09,33.3
2023-04-03 14:37:00,33.42,33.45,33.36,33.230000000000004,33.35,33.285,33.254999999999995,33.405,32.71,32.870000000000005,32.81,32.925
2023-04-03 14:38:00,33.415,33.4,33.25,33.254999999999995,33.325,33.31,33.209999999999994,33.364999999999995,32.655,32.845,32.73,32.955
2023-04-03 14:39:00,33.36,33.39,33.315,33.22,33.260000000000005,33.25,33.25,33.375,32.595,32.845,32.64,32.92
2023-04-03 14:40:00,33.185,33.254999999999995,33.16,33.135000000000005,33.230000000000004,33.075,33.085,33.254999999999995,32.515,32.655,32.495,32.80500000000001
2023-04-03 14:41:00,33.2,33.245000000000005,33.095,33.129999999999995,33.13,33.04,33.06,33.245,32.510000000000005,32.595,32.55,32.765
2023-04-03 14:42:00,33.245,33.35,33.254999999999995,33.19499999999999,33.26,33.224999999999994,33.135,33.285,32.61,32.775,32.629999999999995,32.86
2023-04-03 14:43:00,33.34,33.315,33.355000000000004,33.28,33.33,33.364999999999995,33.35,33.43,32.715,32.86,32.730000000000004,33.025000000000006
2023-04-03 14:44:00,33.394999999999996,33.385000000000005,33.295,33.235,33.32,33.254999999999995,33.245,33.43,32.605000000000004,32.89,32.675,32.864999999999995
2023-04-03 14:45:00,33.225,33.25,33.18,33.114999999999995,33.17,33.120000000000005,33.095,33.315,32.56,32.739999999999995,32.489999999999995,32.785
2023-04-03 14:46:00,33.24,33.32,33.205,33.18,33.205,33.230000000000004,33.209999999999994,33.355000000000004,32.614999999999995,32.78,32.65,32.900000000000006
2023-04-03 14:47:00,33.35,33.31,33.225,33.165,33.255,33.230000000000004,33.195,33.32,32.625,32.86,32.6,32.85
2023-04-03 14:48:00,33.355000000000004,33.379999999999995,33.33,33.255,33.349999999999994,33.31,33.305,33.53,32.755,32.905,32.705,32.975
2023-04-03 14:49:00,33.345,33.36,33.24,33.235,33.315,33.235,33.22,33.39,32.61,32.93000000000001,32.64,32.84
2023-04-03 14:50:00,33.21,33.205,33.15,33.045,33.165,33.1,33.095,33.260000000000005,32.519999999999996,32.675,32.45,32.745000000000005
2023-04-03 14:51:00,33.44,33.43,33.37,33.27333333333333,33.373333333333335,33.39666666666667,33.336666666666666,33.48666666666667,32.629999999999995,32.735,32.64,32.894999999999996
2023-04-03 14:52:00,33.385,33.48,33.394999999999996,33.265,33.385,33.364999999999995,33.355000000000004,33.535,32.81,32.955,32.75,33.085
2023-04-03 14:53:00,33.400000000000006,33.5,33.405,33.290000000000006,33.42,33.465,33.425,33.575,32.905,33.040000000000006,32.825,33.085
2023-04-03 14:54:00,33.42,33.5,33.44,33.275000000000006,33.480000000000004,33.4,33.385,33.545,32.955,33.1,32.84,33.175
2023-04-03 14:55:00,33.394999999999996,33.41,33.3,33.239999999999995,33.370000000000005,33.42,33.35,33.485,32.89,33.129999999999995,32.855000000000004,33.08
2023-04-03 14:56:00,33.504999999999995,33.495000000000005,33.31,33.31,33.425,33.375,33.33,33.535,32.855000000000004,33.025,32.875,33.055
2023-04-03 14:57:00,33.415000000000006,33.435,33.285,33.25,33.290000000000006,33.22,33.28,33.36,32.735,32.93,32.82,33.005
2023-04-03 14:58:00,33.41,33.495,33.37,33.349999999999994,33.4,33.394999999999996,33.36,33.465,32.625,32.83,32.69499999999999,32.93
2023-04-03 14:59:00,33.575,33.59,33.41,33.42,33.58,33.5,33.5,33.605,32.81,32.965,32.760000000000005,33.120000000000005
2023-04-03 15:00:00,33.5,33.545,33.415,33.31,33.415,33.465,33.41,33.6,32.825,33.025000000000006,32.845,33.150000000000006
2023-04-03 15:01:00,33.65,33.62,33.545,33.519999999999996,33.68,33.755,33.69,33.93,33.04,33.105000000000004,33.0,33.25
2023-04-03 15:02:00,33.83,33.894999999999996,33.82,33.724999999999994,33.905,33.945,33.879999999999995,34.15,33.445,33.625,33.47,33.72
2023-04-03 15:03:00,33.765,33.754999999999995,33.735,33.67,33.8,33.83,33.785,33.985,33.355000000000004,33.62,33.335,33.595
2023-04-03 15:04:00,33.885,34.025,33.915,33.86,33.980000000000004,34.0,33.959999999999994,34.11,33.465,33.635000000000005,33.53,33.7
2023-04-03 15:05:00,33.945,34.035,33.974999999999994,33.89,34.0,34.015,33.97,34.135000000000005,33.379999999999995,33.629999999999995,33.495000000000005,33.735
2023-04-03 15:06:00,33.9,33.93,33.855000000000004,33.81999999999999,33.915,33.959999999999994,33.905,34.06,33.34,33.64,33.47,33.730000000000004
2023-04-03 15:07:00,33.730000000000004,33.7,33.705,33.629999999999995,33.72,33.735,33.725,33.894999999999996,33.185,33.44,33.345,33.489999999999995
2023-04-03 15:08:00,33.525,33.53,33.47,33.394999999999996,33.489999999999995,33.504999999999995,33.47,33.66,32.989999999999995,33.175,33.065,33.235
2023-04-03 15:09:00,33.485,33.56,33.44,33.41,33.519999999999996,33.44,33.485,33.63,32.82,32.875,32.815,33.055
2023-04-03 15:10:00,33.595,33.69,33.584999999999994,33.505,33.685,33.665,33.605000000000004,33.815,33.004999999999995,32.980000000000004,32.995000000000005,33.295
2023-04-03 15:11:00,33.79,33.879999999999995,33.835,33.815,33.9,33.955,33.935,34.035,33.125,33.385000000000005,33.245,33.495
2023-04-03 15:12:00,33.82,33.915,33.825,33.769999999999996,33.925,33.89,33.92,34.06,33.275,33.485,33.39,33.635
2023-04-03 15:13:00,33.935,33.894999999999996,33.885,33.815,33.905,33.88,33.879999999999995,34.04,33.269999999999996,33.43,33.33,33.57
2023-04-03 15:14:00,33.9,33.935,33.875,33.79,33.93,33.865,33.785,34.045,33.14,33.43,33.25,33.555
2023-04-03 15:15:00,33.885,33.96,33.81,33.79,33.864999999999995,33.870000000000005,33.805,33.955,33.12,33.37,33.2,33.57
2023-04-03 15:16:00,33.955,34.019999999999996,33.88,33.790000000000006,33.94,33.81,33.785,33.925,33.135,33.155,33.175,33.46
2023-04-03 15:17:00,34.05,33.995000000000005,33.89,33.8,33.955,33.86,33.769999999999996,33.93,33.11,33.18,33.14,33.49
2023-04-03 15:18:00,33.89,33.93,33.835,33.754999999999995,33.870000000000005,33.754999999999995,33.69,33.93,33.055,33.260000000000005,33.14,33.400000000000006
2023-04-03 15:19:00,33.82,33.87,33.685,33.62,33.75,33.74,33.644999999999996,33.815,33.07,33.21,33.09,33.37
2023-04-03 15:20:00,33.795,33.82,33.709999999999994,33.69,33.72,33.72,33.68,33.78,33.005,33.135,33.065,33.29
2023-04-03 15:21:00,33.754999999999995,33.785,33.665,33.555,33.71,33.67,33.545,33.78,33.004999999999995,33.230000000000004,33.085,33.33
2023-04-03 15:22:00,33.55500000000001,33.65,33.555,33.46,33.635,33.545,33.53,33.644999999999996,32.91,33.075,32.915,33.18
2023-04-03 15:23:00,33.525,33.605000000000004,33.47,33.41,33.57,33.475,33.39,33.540000000000006,32.875,32.995,32.894999999999996,33.155
2023-04-03 15:24:00,33.55,33.665,33.47,33.46,33.56999999999999,33.519999999999996,33.485,33.655,32.9,32.995000000000005,32.91,33.125
2023-04-03 15:25:00,33.614999999999995,33.585,33.510000000000005,33.47,33.585,33.525,33.455,33.575,32.86,33.019999999999996,32.95,33.165
2023-04-03 15:26:00,33.555,33.565,33.525000000000006,33.43,33.635,33.495000000000005,33.495000000000005,33.64,32.835,32.955,32.815,33.125
2023-04-03 15:27:00,33.48,33.635,33.495000000000005,33.474999999999994,33.545,33.525,33.42,33.595,32.754999999999995,32.945,32.83,33.08
2023-04-03 15:28:00,33.495000000000005,33.64,33.49,33.45,33.56,33.489999999999995,33.465,33.585,32.8,32.935,32.805,33.0
2023-04-03 15:29:00,33.655,33.7,33.675,33.61,33.739999999999995,33.675,33.64,33.78,32.89,33.120000000000005,32.95,33.260000000000005
2023-04-03 15:30:00,33.95,33.95,33.84,33.805,34.055,33.91,33.790000000000006,34.03,33.075,33.285,33.17,33.495000000000005
2023-04-03 15:31:00,34.035,34.019999999999996,34.004999999999995,33.91,34.065,33.945,33.915,34.105000000000004,33.16,33.43,33.265,33.614999999999995
2023-04-03 15:32:00,34.099999999999994,34.18,34.115,34.010000000000005,34.22,34.120000000000005,34.045,34.25,33.305,33.58,33.370000000000005,33.74
2023-04-03 15:33:00,34.135000000000005,34.215,34.175,34.06,34.29,34.25,34.165000000000006,34.26,33.37,33.665,33.485,33.755
2023-04-03 15:34:00,34.17,34.28,34.225,34.09,34.22,34.185,34.155,34.28,33.405,33.655,33.5,33.8
2023-04-03 15:35:00,34.1,34.17,34.11,34.019999999999996,34.144999999999996,34.1,33.980000000000004,34.2,33.375,33.595,33.46,33.75
2023-04-03 15:36:00,33.89,34.015,33.955,33.855000000000004,33.99,33.894999999999996,33.879999999999995,34.004999999999995,33.25,33.44,33.269999999999996,33.565
2023-04-03 15:37:00,33.82,33.94,33.84,33.81,33.86,33.82,33.775000000000006,33.92,33.11,33.290000000000006,33.185,33.46
2023-04-03 15:38:00,33.75,33.83,33.73,33.65,33.78,33.765,33.644999999999996,33.86,33.114999999999995,33.25,33.129999999999995,33.37
2023-04-03 15:39:00,33.845,33.91,33.870000000000005,33.81,33.905,33.989999999999995,33.894999999999996,34.05,33.405,33.45,33.33,33.535
2023-04-03 15:40:00,33.879999999999995,33.975,33.94499999999999,33.835,34.03,33.95,33.985,34.235,33.42,33.625,33.455,33.72
2023-04-03 15:41:00,33.905,33.989999999999995,33.94,33.855000000000004,34.065,34.04,33.985,34.239999999999995,33.525,33.72,33.53,33.76
2023-04-03 15:42:00,33.96,33.99,33.92,33.85,33.965,33.98,34.015,34.15,33.515,33.69,33.54,33.7
2023-04-03 15:43:00,34.065,34.14,34.135000000000005,34.045,34.235,34.3,34.28,34.415000000000006,33.805,33.89,33.735,34.019999999999996
2023-04-03 15:44:00,34.19,34.205,34.185,34.11,34.28,34.245,34.22,34.44,33.72,33.92,33.775,34.035
2023-04-03 15:45:00,34.155,34.224999999999994,34.14,34.105000000000004,34.295,34.305,34.265,34.41,33.74,33.92,33.739999999999995,33.95
2023-04-03 15:46:00,34.224999999999994,34.345,34.28,34.195,34.315,34.355000000000004,34.325,34.43,33.675,33.81,33.715,33.995000000000005
2023-04-03 15:47:00,34.185,34.28,34.224999999999994,34.165000000000006,34.32,34.3,34.275,34.425,33.685,33.835,33.715,33.985
2023-04-03 15:48:00,34.085,34.19,34.1,34.05500000000001,34.18,34.155,34.135000000000005,34.325,33.519999999999996,33.7,33.605000000000004,33.825
2023-04-03 15:49:00,34.315,34.295,34.29,34.275,34.364999999999995,34.3,34.28,34.465,33.644999999999996,33.805,33.685,33.93
2023-04-03 15:50:00,34.535,34.58,34.455,34.42,34.545,34.545,34.58,34.735,34.025000000000006,34.085,33.95,34.235
2023-04-03 15:51:00,34.475,34.545,34.5,34.379999999999995,34.545,34.56,34.519999999999996,34.71,33.99,34.215,34.019999999999996,34.260000000000005
2023-04-03 15:52:00,34.44,34.605000000000004,34.565,34.5,34.66,34.625,34.55500000000001,34.765,34.08,34.08,34.125,34.305
2023-04-03 15:53:00,34.525,34.69,34.6,34.555,34.72,34.625,34.58,34.775000000000006,34.07,34.19,34.09,34.355000000000004
2023-04-03 15:54:00,34.394999999999996,34.51,34.46,34.33,34.47,34.44,34.395,34.56,33.849999999999994,33.955,33.875,34.05
2023-04-03 15:55:00,34.205,34.31,34.28,34.17,34.315,34.209999999999994,34.21,34.370000000000005,33.665000000000006,33.675,33.685,33.93
2023-04-03 15:56:00,34.254999999999995,34.365,34.205,34.195,34.265,34.26,34.16,34.33,33.575,33.59,33.565,33.835
2023-04-03 15:57:00,34.355000000000004,34.480000000000004,34.43,34.335,34.42,34.325,34.269999999999996,34.41,33.495,33.510000000000005,33.56,33.870000000000005
2023-04-03 15:58:00,34.56,34.629999999999995,34.584999999999994,34.465,34.519999999999996,34.495000000000005,34.39,34.519999999999996,33.595,33.575,33.575,33.95
2023-04-03 15:59:00,34.375,34.47,34.335,34.205,34.35,34.265,34.230000000000004,34.345,33.545,33.68,33.59,33.845
2023-04-03 16:00:00,34.155,34.24,34.105000000000004,33.995,34.129999999999995,34.075,34.06,34.21,33.459999999999994,33.605000000000004,33.465,33.69
2023-04-03 16:01:00,34.230000000000004,34.17,34.155,34.055,34.120000000000005,34.125,34.1,34.265,33.45,33.475,33.42,33.71
2023-04-03 16:02:00,34.425,34.415,34.325,34.285,34.36,34.36,34.34,34.595,33.84,33.864999999999995,33.790000000000006,34.019999999999996
2023-04-03 16:03:00,34.495,34.620000000000005,34.55,34.489999999999995,34.595,34.644999999999996,34.58,34.75,34.08,34.19499999999999,34.010000000000005,34.335
2023-04-03 16:04:00,34.455,34.47,34.42,34.295,34.39,34.44,34.355000000000004,34.625,33.85,34.07,33.925,34.055
2023-04-03 16:05:00,34.14,34.245000000000005,34.185,34.085,34.125,34.15,34.09,34.29,33.59,33.56,33.56,33.795
2023-04-03 16:06:00,34.235,34.295,34.225,34.17,34.27,34.225,34.225,34.42,33.625,33.675,33.665,33.89
2023-04-03 16:07:00,34.596666666666664,34.63999999999999,34.50333333333333,34.419999999999995,34.51,34.446666666666665,34.31666666666667,34.5,33.595,33.745000000000005,33.635,33.93
2023-04-03 16:08:00,34.715,34.82,34.675,34.565,34.68,34.585,34.585,34.625,33.655,33.765,33.695,34.045
2023-04-03 16:09:00,34.78,34.825,34.7,34.575,34.715,34.69,34.595,34.75,33.864999999999995,33.925,33.86,34.19
2023-04-03 16:10:00,34.975,35.05,34.9,34.76,34.905,34.79,34.71,34.865,33.995000000000005,34.045,33.94499999999999,34.325
2023-04-03 16:11:00,34.705,34.8,34.665,34.53,34.68,34.61,34.595,34.695,33.95,34.165,34.03,34.290000000000006
2023-04-03 16:12:00,34.765,34.815,34.72,34.58,34.75,34.760000000000005,34.665,34.82,33.985,34.155,34.019999999999996,34.295
2023-04-03 16:13:00,34.754999999999995,34.885000000000005,34.745000000000005,34.675,34.825,34.795,34.760000000000005,34.92,34.275,34.355000000000004,34.14,34.475
2023-04-03 16:14:00,34.855000000000004,34.870000000000005,34.8,34.69,34.885,34.955,34.885,35.05,34.449999999999996,34.593333333333334,34.38,34.580000000000005
2023-04-03 16:15:00,34.754999999999995,34.894999999999996,34.81,34.745000000000005,34.89,34.925,34.885,35.045,34.34,34.53,34.36,34.620000000000005
2023-04-03 16:16:00,34.795,34.915,34.885,34.75,34.915,34.955,34.86,35.045,34.355000000000004,34.474999999999994,34.33,34.615
2023-04-03 16:17:00,34.615,34.709999999999994,34.595,34.53,34.595,34.605000000000004,34.565,34.69,34.015,34.09,34.004999999999995,34.185
2023-04-03 16:18:00,34.31,34.474999999999994,34.345,34.215,34.29,34.254999999999995,34.24,34.474999999999994,33.785,33.795,33.730000000000004,33.995000000000005
2023-04-03 16:19:00,34.15,34.28,34.205,34.14,34.14,34.165,34.16,34.335,33.635,33.56,33.56,33.83
2023-04-03 16:20:00,34.3,34.435,34.365,34.295,34.35,34.435,34.39,34.635000000000005,34.015,33.83,33.815,34.185
2023-04-03 16:21:00,34.65,34.775000000000006,34.724999999999994,34.599999999999994,34.785,34.805,34.760000000000005,35.015,34.205,34.375,34.23,34.46
2023-04-03 16:22:00,34.83,34.925,34.84,34.76,34.89,34.96,34.89,35.040000000000006,34.269999999999996,34.504999999999995,34.335,34.615
2023-04-03 16:23:00,34.644999999999996,34.8,34.705,34.595,34.75,34.71,34.685,34.83,34.135000000000005,34.355000000000004,34.185,34.33
2023-04-03 16:24:00,34.515,34.585,34.540000000000006,34.42,34.545,34.59,34.52,34.754999999999995,34.07,34.239999999999995,34.099999999999994,34.29
2023-04-03 16:25:00,34.525,34.595,34.47,34.405,34.480000000000004,34.53,34.44,34.69,33.97,34.135000000000005,33.980000000000004,34.19
2023-04-03 16:26:00,34.585,34.650000000000006,34.545,34.415,34.540000000000006,34.475,34.44,34.7,33.905,34.09,33.925,34.185
2023-04-03 16:27:00,34.445,34.515,34.47,34.379999999999995,34.489999999999995,34.455,34.335,34.57,33.845,33.965,33.86,34.075
2023-04-03 16:28:00,34.474999999999994,34.55,34.465,34.41,34.489999999999995,34.515,34.45,34.64,33.91,33.96,33.965,34.205
2023-04-03 16:29:00,34.715,34.739999999999995,34.72,34.59,34.73,34.64,34.575,34.785,34.11,34.165,34.05,34.345
2023-04-03 16:30:00,34.629999999999995,34.665,34.655,34.53,34.63,34.655,34.56,34.775000000000006,34.045,34.19,34.14,34.34
2023-04-03 16:31:00,34.785,34.88,34.805,34.765,34.894999999999996,34.905,34.825,35.0,34.285,34.365,34.315,34.57
2023-04-03 16:32:00,34.965,35.0,34.985,34.855000000000004,35.004999999999995,35.035,35.025000000000006,35.215,34.565,34.685,34.595,34.83
2023-04-03 16:33:00,34.845,34.945,34.94,34.864999999999995,35.025000000000006,35.055,34.980000000000004,35.209999999999994,34.515,34.745000000000005,34.56,34.8
2023-04-03 16:34:00,34.58,34.73,34.620000000000005,34.625,34.695,34.795,34.725,34.879999999999995,34.325,34.475,34.31,34.5
2023-04-03 16:35:00,34.405,34.565,34.515,34.455,34.51,34.605000000000004,34.61,34.81,34.155,34.33,34.175,34.305
2023-04-03 16:36:00,34.495000000000005,34.614999999999995,34.510000000000005,34.475,34.565,34.615,34.540000000000006,34.725,34.17,34.29,34.07,34.325
2023-04-03 16:37:00,34.61,34.605,34.625,34.54,34.605000000000004,34.629999999999995,34.55,34.760000000000005,34.085,34.19,34.03,34.25
2023-04-03 16:38:00,34.480000000000004,34.480000000000004,34.425,34.31,34.42,34.42,34.394999999999996,34.584999999999994,33.855000000000004,33.91,33.835,34.08
2023-04-03 16:39:00,34.33,34.39,34.364999999999995,34.25,34.345,34.375,34.33,34.46,33.8,33.815,33.72,33.995000000000005
2023-04-03 16:40:00,34.4,34.43,34.335,34.224999999999994,34.35,34.41,34.335,34.525000000000006,33.75,33.825,33.8,34.0
2023-04-03 16:41:00,34.175,34.265,34.135000000000005,34.075,34.175,34.254999999999995,34.09,34.325,33.584999999999994,33.620000000000005,33.47,33.745000000000005
2023-04-03 16:42:00,34.075,34.239999999999995,34.129999999999995,34.004999999999995,34.115,34.135,34.04,34.21,33.515,33.5,33.480000000000004,33.69
2023-04-03 16:43:00,34.06,34.17,34.025,33.945,34.08,34.045,33.97,34.2,33.375,33.445,33.33,33.6
2023-04-03 16:44:00,33.91,34.09,33.885000000000005,33.885000000000005,33.975,34.015,33.93,34.125,33.34,33.37,33.335,33.535
2023-04-03 16:45:00,34.01,34.105000000000004,33.975,33.885000000000005,34.05,34.055,33.94,34.1,33.355000000000004,33.435,33.345,33.650000000000006
2023-04-03 16:46:00,33.955,34.019999999999996,33.95,33.915000000000006,33.99,33.980000000000004,33.94,34.135000000000005,33.349999999999994,33.47,33.33,33.61
2023-04-03 16:47:00,33.875,34.025,33.879999999999995,33.83,34.019999999999996,34.004999999999995,33.84,34.025,33.325,33.42,33.28,33.575
2023-04-03 16:48:00,33.82,33.965,33.94,33.91,33.935,33.98,33.894999999999996,34.1,33.34,33.730000000000004,33.305,33.57
2023-04-03 16:49:00,33.92,33.95,33.974999999999994,33.875,34.0,34.019999999999996,33.95,34.115,33.315,34.265,33.29,33.625
2023-04-03 16:50:00,34.144999999999996,34.165000000000006,34.129999999999995,34.150000000000006,34.13,34.19,34.175,34.34,33.67,35.17,33.635,33.925
2023-04-03 16:51:00,34.455,34.465,34.47,34.455,34.475,34.584999999999994,34.480000000000004,34.695,33.875,35.83,33.870000000000005,34.18
2023-04-03 16:52:00,34.650000000000006,34.735,34.730000000000004,34.695,34.805,34.760000000000005,34.655,34.855000000000004,34.095,35.915,34.055,34.36
2023-04-03 16:53:00,34.89,35.019999999999996,34.985,34.89,34.97,35.010000000000005,34.935,35.18,34.325,35.685,34.315,34.614999999999995
2023-04-03 16:54:00,35.010000000000005,35.125,35.209999999999994,35.125,35.175,35.235,35.255,35.415,34.72,35.615,34.65,34.995000000000005
2023-04-03 16:55:00,35.125,35.265,35.235,35.224999999999994,35.33,35.394999999999996,35.385000000000005,35.555,35.06,35.6,34.849999999999994,35.08
2023-04-03 16:56:00,35.17,35.195,35.379999999999995,35.265,35.345,35.42,35.455,35.685,35.535,35.599999999999994,34.935,35.175
2023-04-03 16:57:00,35.195,35.37,35.42,35.35,35.364999999999995,35.5,35.6,35.795,36.195,35.58,35.05,35.195
2023-04-03 16:58:00,35.175,35.335,35.394999999999996,35.305,35.3,35.45,35.435,35.68,36.625,35.53,35.045,35.24
2023-04-03 16:59:00,35.39,35.46,35.515,35.425,35.459999999999994,35.56,35.575,35.75,36.629999999999995,35.870000000000005,35.114999999999995,35.285
2023-04-03 17:00:00,35.33,35.505,35.545,35.405,35.435,35.55,35.61,35.74,36.21,36.43,35.075,35.26
2023-04-03 17:01:00,35.290000000000006,35.519999999999996,35.49,35.415000000000006,35.42,35.53,35.535,35.71,35.9,37.095,35.14,35.25
2023-04-03 17:02:00,35.415,35.59,35.635,35.519999999999996,35.54,35.730000000000004,35.655,35.835,35.755,37.395,35.305,35.290000000000006
2023-04-03 17:03:00,35.285,35.49,35.46,35.305,35.405,35.504999999999995,35.475,35.71,35.495000000000005,36.989999999999995,35.365,35.05500000000001
2023-04-03 17:04:00,35.215,35.445,35.39,35.370000000000005,35.325,35.5,35.455,35.585,35.28,36.41,35.445,35.0
2023-04-03 17:05:00,35.225,35.45,35.41,35.295,35.27,35.445,35.47,35.644999999999996,35.19,35.935,35.215,35.005
2023-04-03 17:06:00,34.92,35.230000000000004,35.195,35.144999999999996,34.980000000000004,35.21,35.239999999999995,35.3,34.894999999999996,35.375,34.8,34.754999999999995
2023-04-03 17:07:00,34.879999999999995,35.099999999999994,35.03,35.035,34.870000000000005,35.120000000000005,35.095,35.18,34.870000000000005,35.215,34.745000000000005,34.69499999999999
2023-04-03 17:08:00,34.76,34.985,34.885,34.81,34.68,34.885000000000005,34.945,35.095,34.635000000000005,34.945,34.625,34.535
2023-04-03 17:09:00,34.69,34.894999999999996,34.86,34.84,34.685,34.935,34.94,35.11,34.855000000000004,35.075,34.675,34.76
2023-04-03 17:10:00,34.85,34.980000000000004,35.03,34.855000000000004,34.785,35.019999999999996,34.995000000000005,35.18,34.785,35.055,34.64,34.69
2023-04-03 17:11:00,34.815,34.95,34.879999999999995,34.79,34.725,34.96,34.965,35.125,34.765,34.94,34.595,34.705
2023-04-03 17:12:00,34.83,34.989999999999995,34.94,34.78,34.835,35.015,34.92,35.165,34.614999999999995,34.93,34.535,34.615
2023-04-03 17:13:00,34.730000000000004,34.825,34.754999999999995,34.7,34.709999999999994,34.875,34.89,35.02,34.565,34.81,34.44,34.575
2023-04-03 17:14:00,34.75,34.825,34.75,34.66,34.605000000000004,34.805,34.855000000000004,35.0,34.44,34.595,34.295,34.43
2023-04-03 17:15:00,34.545,34.64,34.64,34.465,34.47,34.625,34.64,34.835,34.185,34.269999999999996,34.025000000000006,34.165
2023-04-03 17:16:00,34.435,34.515,34.4,34.345,34.345,34.465,34.445,34.61,34.05,34.045,33.905,34.075
2023-04-03 17:17:00,34.2,34.45,34.335,34.269999999999996,34.269999999999996,34.31,34.36,34.6,33.935,33.995000000000005,33.83,33.96
2023-04-03 17:18:00,34.245000000000005,34.315,34.305,34.205,34.225,34.254999999999995,34.27,34.5,33.725,33.92,33.695,33.894999999999996
2023-04-03 17:19:00,34.09,34.14,34.09,33.995000000000005,34.055,34.1,34.01,34.215,33.465,33.525,33.37,33.599999999999994
2023-04-03 17:20:00,33.94,34.019999999999996,33.935,33.795,33.91,33.94,33.89,34.04,33.32,33.379999999999995,33.2,33.485
2023-04-03 17:21:00,33.835,33.86,33.82,33.745,33.745,33.879999999999995,33.760000000000005,34.0,33.16,33.24,33.19,33.37
2023-04-03 17:22:00,33.73,33.83,33.7,33.64,33.76,33.69,33.65,33.81,,,,
2023-04-03 17:23:00,33.65,33.72,33.64,33.58,33.69,33.67,33.575,33.72,,,,
2023-04-03 17:24:00,33.68,33.825,33.629999999999995,33.535,33.71,33.7,33.585,33.825,,,,
2023-04-03 17:25:00,33.745000000000005,33.805,33.72,33.575,33.769999999999996,33.75,33.620000000000005,33.92,,,,
2023-04-03 17:26:00,33.955,33.935,33.855000000000004,33.8,33.980000000000004,33.865,33.775,34.01,,,,
2023-04-03 17:27:00,34.385000000000005,34.415,34.295,34.225,34.405,34.335,34.2,34.44,,,,
2023-04-03 17:28:00,34.39,34.51,34.34,34.2,34.48,34.39,34.26,34.55,,,,
2023-04-03 17:29:00,,,,,,,,,,,,
2023-04-03 17:30:00,34.425,34.445,34.332499999999996,34.2925,34.545,34.542500000000004,34.4625,34.65,,,,
2023-04-03 17:31:00,34.315,34.365,34.37,34.33,34.53,34.57,34.51,34.76,,,,
2023-04-03 17:32:00,,,,,,,,,,,,
2023-04-03 17:33:00,34.35,34.435,34.41,34.36,34.545,34.995000000000005,34.565,35.58,,,,
2023-04-03 17:34:00,34.5,34.6,34.56,34.519999999999996,34.86,35.879999999999995,34.855000000000004,36.879999999999995,,,,
2023-04-03 17:35:00,34.445,34.53,34.519999999999996,34.5,34.76,36.2,34.769999999999996,37.22,,,,
2023-04-03 17:36:00,34.355000000000004,34.465,34.46,34.345,34.644999999999996,36.269999999999996,34.61,36.599999999999994,,,,
2023-04-03 17:37:00,34.19,34.315,34.235,34.165,34.405,35.715,34.385,35.545,,,,
2023-04-03 17:38:00,34.09,34.14,34.05,33.97,34.25,35.39,34.36,35.13,,,,
2023-04-03 17:39:00,33.9925,34.125,34.0425,33.9975,34.162499999999994,34.8975,34.5825,34.942499999999995,,,,
2023-04-03 17:40:00,,,,,,,,,,,,
2023-04-03 17:41:00,,,,,,,,,,,,
2023-04-03 17:42:00,,,,,,,,,,,,
2023-04-03 17:43:00,,,,,,,,,,,,
2023-04-03 17:44:00,,,,,,,,,,,,
2023-04-03 17:45:00,,,,,,,,,,,,
2023-04-03 17:46:00,,,,,,,,,,,,
2023-04-03 17:47:00,,,,,,,,,,,,
2023-04-03 17:48:00,,,,,,,,,,,,
2023-04-03 17:49:00,,,,,,,,,,,,
2023-04-03 17:50:00,,,,,,,,,,,,
2023-04-03 17:51:00,,,,,,,,,,,,
2023-04-03 17:52:00,,,,,,,,,,,,
2023-04-03 17:53:00,,,,,,,,,,,,
2023-04-03 17:54:00,,,,,,,,,,,,
2023-04-03 17:55:00,,,,,,,,,,,,
2023-04-03 17:56:00,,,,,,,,,,,,
2023-04-03 17:57:00,,,,,,,,,,,,
2023-04-03 17:58:00,,,,,,,,,,,,
2023-04-03 17:59:00,,,,,,,,,,,,
2023-04-03 18:00:00,,,,,,,,,,,,
2023-04-03 18:01:00,,,,,,,,,,,,
2023-04-03 18:02:00,,,,,,,,,,,,
2023-04-03 18:03:00,,,,,,,,,,,,
2023-04-03 18:04:00,,,,,,,,,,,,
2023-04-03 18:05:00,,,,,,,,,,,,
2023-04-03 18:06:00,,,,,,,,,,,,
2023-04-03 18:07:00,,,,,,,,,,,,
2023-04-03 18:08:00,,,,,,,,,,,,
2023-04-03 18:09:00,,,,,,,,,,,,
2023-04-03 18:10:00,,,,,,,,,,,,
2023-04-03 18:11:00,,,,,,,,,,,,
2023-04-03 18:12:00,,,,,,,,,,,,
2023-04-03 18:13:00,,,,,,,,,,,,
2023-04-03 18:14:00,,,,,,,,,,,,
2023-04-03 18:15:00,,,,,,,,,,,,
2023-04-03 18:16:00,,,,,,,,,,,,
2023-04-03 18:17:00,,,,,,,,,,,,
2023-04-03 18:18:00,,,,,,,,,,,,
2023-04-03 18:19:00,,,,,,,,,,,,
2023-04-03 18:20:00,,,,,,,,,,,,
2023-04-03 18:21:00,,,,,,,,,,,,
2023-04-03 18:22:00,,,,,,,,,,,,
2023-04-03 18:23:00,,,,,,,,,,,,
2023-04-03 18:24:00,,,,,,,,,,,,
2023-04-03 18:25:00,,,,,,,,,,,,
2023-04-03 18:26:00,,,,,,,,,,,,
2023-04-03 18:27:00,,,,,,,,,,,,
2023-04-03 18:28:00,,,,,,,,,,,,
2023-04-03 18:29:00,,,,,,,,,,,,
2023-04-03 18:30:00,,,,,,,,,,,,
2023-04-03 18:31:00,,,,,,,,,,,,
2023-04-03 18:32:00,,,,,,,,,,,,
2023-04-03 18:33:00,,,,,,,,,,,,
2023-04-03 18:34:00,,,,,,,,,,,,
2023-04-03 18:35:00,,,,,,,,,,,,
2023-04-03 18:36:00,,,,,,,,,,,,
2023-04-03 18:37:00,,,,,,,,,,,,
2023-04-03 18:38:00,,,,,,,,,,,,
2023-04-03 18:39:00,,,,,,,,,,,,
2023-04-03 18:40:00,,,,,,,,,,,,
2023-04-03 18:41:00,,,,,,,,,,,,
2023-04-03 18:42:00,,,,,,,,,,,,
2023-04-03 18:43:00,,,,,,,,,,,,
2023-04-03 18:44:00,,,,,,,,,,,,
2023-04-03 18:45:00,,,,,,,,,,,,
2023-04-03 18:46:00,,,,,,,,,,,,
2023-04-03 18:47:00,,,,,,,,,,,,
2023-04-03 18:48:00,,,,,,,,,,,,
2023-04-03 18:49:00,,,,,,,,,,,,
2023-04-03 18:50:00,,,,,,,,,,,,
2023-04-03 18:51:00,,,,,,,,,,,,
2023-04-03 18:52:00,,,,,,,,,,,,
2023-04-03 18:53:00,,,,,,,,,,,,
2023-04-03 18:54:00,,,,,,,,,,,,
2023-04-03 18:55:00,,,,,,,,,,,,
2023-04-03 18:56:00,,,,,,,,,,,,
2023-04-03 18:57:00,,,,,,,,,,,,
2023-04-03 18:58:00,,,,,,,,,,,,
2023-04-03 18:59:00,,,,,,,,,,,,
2023-04-03 19:00:00,,,,,,,,,,,,
2023-04-03 19:01:00,,,,,,,,,,,,
2023-04-03 19:02:00,,,,,,,,,,,,
2023-04-03 19:03:00,,,,,,,,,,,,
2023-04-03 19:04:00,,,,,,,,,,,,
2023-04-03 19:05:00,,,,,,,,,,,,
2023-04-03 19:06:00,,,,,,,,,,,,
2023-04-03 19:07:00,,,,,,,,,,,,
2023-04-03 19:08:00,,,,,,,,,,,,
2023-04-03 19:09:00,,,,,,,,,,,,
2023-04-03 19:10:00,,,,,,,,,,,,
2023-04-03 19:11:00,,,,,,,,,,,,
2023-04-03 19:12:00,,,,,,,,,,,,
2023-04-03 19:13:00,,,,,,,,,,,,
2023-04-03 19:14:00,,,,,,,,,,,,
2023-04-03 19:15:00,,,,,,,,,,,,
2023-04-03 19:16:00,,,,,,,,,,,,
2023-04-03 19:17:00,,,,,,,,,,,,
2023-04-03 19:18:00,,,,,,,,,,,,
2023-04-03 19:19:00,,,,,,,,,,,,
2023-04-03 19:20:00,,,,,,,,,,,,
2023-04-03 19:21:00,,,,,,,,,,,,
2023-04-03 19:22:00,,,,,,,,,,,,
2023-04-03 19:23:00,,,,,,,,,,,,
2023-04-03 19:24:00,,,,,,,,,,,,
2023-04-03 19:25:00,,,,,,,,,,,,
2023-04-03 19:26:00,,,,,,,,,,,,
2023-04-03 19:27:00,,,,,,,,,,,,
2023-04-03 19:28:00,,,,,,,,,,,,
2023-04-03 19:29:00,,,,,,,,,,,,
2023-04-03 19:30:00,,,,,,,,,,,,
2023-04-03 19:31:00,,,,,,,,,,,,
2023-04-03 19:32:00,,,,,,,,,,,,
2023-04-03 19:33:00,,,,,,,,,,,,
2023-04-03 19:34:00,,,,,,,,,,,,
2023-04-03 19:35:00,,,,,,,,,,,,
2023-04-03 19:36:00,,,,,,,,,,,,
2023-04-03 19:37:00,,,,,,,,,,,,
2023-04-03 19:38:00,,,,,,,,,,,,
2023-04-03 19:39:00,,,,,,,,,,,,
2023-04-03 19:40:00,,,,,,,,,,,,
2023-04-03 19:41:00,,,,,,,,,,,,
2023-04-03 19:42:00,,,,,,,,,,,,
2023-04-03 19:43:00,,,,,,,,,,,,
2023-04-03 19:44:00,,,,,,,,,,,,
2023-04-03 19:45:00,,,,,,,,,,,,
2023-04-03 19:46:00,,,,,,,,,,,,
2023-04-03 19:47:00,,,,,,,,,,,,
2023-04-03 19:48:00,,,,,,,,,,,,
2023-04-03 19:49:00,,,,,,,,,,,,
2023-04-03 19:50:00,,,,,,,,,,,,
2023-04-03 19:51:00,,,,,,,,,,,,
2023-04-03 19:52:00,,,,,,,,,,,,
2023-04-03 19:53:00,,,,,,,,,,,,
2023-04-03 19:54:00,,,,,,,,,,,,
2023-04-03 19:55:00,,,,,,,,,,,,
2023-04-03 19:56:00,,,,,,,,,,,,
2023-04-03 19:57:00,,,,,,,,,,,,
2023-04-03 19:58:00,,,,,,,,,,,,
2023-04-03 19:59:00,,,,,,,,,,,,
2023-04-03 20:00:00,,,,,,,,,,,,
2023-04-03 20:01:00,,,,,,,,,,,,
2023-04-03 20:02:00,,,,,,,,,,,,
2023-04-03 20:03:00,,,,,,,,,,,,
2023-04-03 20:04:00,,,,,,,,,,,,
2023-04-03 20:05:00,,,,,,,,,,,,
2023-04-03 20:06:00,,,,,,,,,,,,
2023-04-03 20:07:00,,,,,,,,,,,,
2023-04-03 20:08:00,,,,,,,,,,,,
2023-04-03 20:09:00,,,,,,,,,,,,
2023-04-03 20:10:00,,,,,,,,,,,,
2023-04-03 20:11:00,,,,,,,,,,,,
2023-04-03 20:12:00,,,,,,,,,,,,
2023-04-03 20:13:00,,,,,,,,,,,,
2023-04-03 20:14:00,,,,,,,,,,,,
2023-04-03 20:15:00,,,,,,,,,,,,
2023-04-03 20:16:00,,,,,,,,,,,,
2023-04-03 20:17:00,,,,,,,,,,,,
2023-04-03 20:18:00,,,,,,,,,,,,
2023-04-03 20:19:00,,,,,,,,,,,,
2023-04-03 20:20:00,,,,,,,,,,,,
2023-04-03 20:21:00,,,,,,,,,,,,
2023-04-03 20:22:00,,,,,,,,,,,,
2023-04-03 20:23:00,,,,,,,,,,,,
2023-04-03 20:24:00,,,,,,,,,,,,
2023-04-03 20:25:00,,,,,,,,,,,,
2023-04-03 20:26:00,,,,,,,,,,,,
2023-04-03 20:27:00,,,,,,,,,,,,
2023-04-03 20:28:00,,,,,,,,,,,,
2023-04-03 20:29:00,,,,,,,,,,,,
2023-04-03 20:30:00,,,,,,,,,,,,
2023-04-03 20:31:00,,,,,,,,,,,,
2023-04-03 20:32:00,,,,,,,,,,,,
2023-04-03 20:33:00,,,,,,,,,,,,
2023-04-03 20:34:00,,,,,,,,,,,,
2023-04-03 20:35:00,,,,,,,,,,,,
2023-04-03 20:36:00,,,,,,,,,,,,
2023-04-03 20:37:00,,,,,,,,,,,,
2023-04-03 20:38:00,,,,,,,,,,,,
2023-04-03 20:39:00,,,,,,,,,,,,
2023-04-03 20:40:00,,,,,,,,,,,,
2023-04-03 20:41:00,,,,,,,,,,,,
2023-04-03 20:42:00,,,,,,,,,,,,
2023-04-03 20:43:00,,,,,,,,,,,,
2023-04-03 20:44:00,,,,,,,,,,,,
2023-04-03 20:45:00,,,,,,,,,,,,
2023-04-03 20:46:00,,,,,,,,,,,,
2023-04-03 20:47:00,,,,,,,,,,,,
2023-04-03 20:48:00,,,,,,,,,,,,
2023-04-03 20:49:00,,,,,,,,,,,,
2023-04-03 20:50:00,,,,,,,,,,,,
2023-04-03 20:51:00,,,,,,,,,,,,
2023-04-03 20:52:00,,,,,,,,,,,,
2023-04-03 20:53:00,,,,,,,,,,,,
2023-04-03 20:54:00,,,,,,,,,,,,
2023-04-03 20:55:00,,,,,,,,,,,,
2023-04-03 20:56:00,,,,,,,,,,,,
2023-04-03 20:57:00,,,,,,,,,,,,
2023-04-03 20:58:00,,,,,,,,,,,,
2023-04-03 20:59:00,,,,,,,,,,,,
2023-04-03 21:00:00,,,,,,,,,,,,
2023-04-03 21:01:00,,,,,,,,,,,,
2023-04-03 21:02:00,,,,,,,,,,,,
2023-04-03 21:03:00,,,,,,,,,,,,
2023-04-03 21:04:00,,,,,,,,,,,,
2023-04-03 21:05:00,,,,,,,,,,,,
2023-04-03 21:06:00,,,,,,,,,,,,
2023-04-03 21:07:00,,,,,,,,,,,,
2023-04-03 21:08:00,,,,,,,,,,,,
2023-04-03 21:09:00,,,,,,,,,,,,
2023-04-03 21:10:00,,,,,,,,,,,,
2023-04-03 21:11:00,,,,,,,,,,,,
2023-04-03 21:12:00,,,,,,,,,,,,
2023-04-03 21:13:00,,,,,,,,,,,,
2023-04-03 21:14:00,,,,,,,,,,,,
2023-04-03 21:15:00,,,,,,,,,,,,
2023-04-03 21:16:00,,,,,,,,,,,,
2023-04-03 21:17:00,,,,,,,,,,,,
2023-04-03 21:18:00,,,,,,,,,,,,
2023-04-03 21:19:00,,,,,,,,,,,,
2023-04-03 21:20:00,,,,,,,,,,,,
2023-04-03 21:21:00,,,,,,,,,,,,
2023-04-03 21:22:00,,,,,,,,,,,,
2023-04-03 21:23:00,,,,,,,,,,,,
2023-04-03 21:24:00,,,,,,,,,,,,
2023-04-03 21:25:00,,,,,,,,,,,,
2023-04-03 21:26:00,,,,,,,,,,,,
2023-04-03 21:27:00,,,,,,,,,,,,
2023-04-03 21:28:00,,,,,,,,,,,,
2023-04-03 21:29:00,,,,,,,,,,,,
2023-04-03 21:30:00,,,,,,,,,,,,
2023-04-03 21:31:00,,,,,,,,,,,,
2023-04-03 21:32:00,,,,,,,,,,,,
2023-04-03 21:33:00,,,,,,,,,,,,
2023-04-03 21:34:00,,,,,,,,,,,,
2023-04-03 21:35:00,,,,,,,,,,,,
2023-04-03 21:36:00,,,,,,,,,,,,
2023-04-03 21:37:00,,,,,,,,,,,,
2023-04-03 21:38:00,,,,,,,,,,,,
2023-04-03 21:39:00,,,,,,,,,,,,
2023-04-03 21:40:00,,,,,,,,,,,,
2023-04-03 21:41:00,,,,,,,,,,,,
2023-04-03 21:42:00,,,,,,,,,,,,
2023-04-03 21:43:00,,,,,,,,,,,,
2023-04-03 21:44:00,,,,,,,,,,,,
2023-04-03 21:45:00,,,,,,,,,,,,
2023-04-03 21:46:00,,,,,,,,,,,,
2023-04-03 21:47:00,,,,,,,,,,,,
2023-04-03 21:48:00,,,,,,,,,,,,
2023-04-03 21:49:00,,,,,,,,,,,,
2023-04-03 21:50:00,,,,,,,,,,,,
2023-04-03 21:51:00,,,,,,,,,,,,
2023-04-03 21:52:00,,,,,,,,,,,,
2023-04-03 21:53:00,,,,,,,,,,,,
2023-04-03 21:54:00,,,,,,,,,,,,
2023-04-03 21:55:00,,,,,,,,,,,,
2023-04-03 21:56:00,,,,,,,,,,,,
2023-04-03 21:57:00,,,,,,,,,,,,
2023-04-03 21:58:00,,,,,,,,,,,,
2023-04-03 21:59:00,,,,,,,,,,,,
2023-04-03 22:00:00,,,,,,,,,,,,
2023-04-03 22:01:00,,,,,,,,,,,,
2023-04-03 22:02:00,,,,,,,,,,,,
2023-04-03 22:03:00,,,,,,,,,,,,
2023-04-03 22:04:00,,,,,,,,,,,,
2023-04-03 22:05:00,,,,,,,,,,,,
2023-04-03 22:06:00,,,,,,,,,,,,
2023-04-03 22:07:00,,,,,,,,,,,,
2023-04-03 22:08:00,,,,,,,,,,,,
2023-04-03 22:09:00,,,,,,,,,,,,
2023-04-03 22:10:00,,,,,,,,,,,,
2023-04-03 22:11:00,,,,,,,,,,,,
2023-04-03 22:12:00,,,,,,,,,,,,
2023-04-03 22:13:00,,,,,,,,,,,,
2023-04-03 22:14:00,,,,,,,,,,,,
2023-04-03 22:15:00,,,,,,,,,,,,
2023-04-03 22:16:00,,,,,,,,,,,,
2023-04-03 22:17:00,,,,,,,,,,,,
2023-04-03 22:18:00,,,,,,,,,,,,
2023-04-03 22:19:00,,,,,,,,,,,,
2023-04-03 22:20:00,,,,,,,,,,,,
2023-04-03 22:21:00,,,,,,,,,,,,
2023-04-03 22:22:00,,,,,,,,,,,,
2023-04-03 22:23:00,,,,,,,,,,,,
2023-04-03 22:24:00,,,,,,,,,,,,
2023-04-03 22:25:00,,,,,,,,,,,,
2023-04-03 22:26:00,,,,,,,,,,,,
2023-04-03 22:27:00,,,,,,,,,,,,
2023-04-03 22:28:00,,,,,,,,,,,,
2023-04-03 22:29:00,,,,,,,,,,,,
2023-04-03 22:30:00,,,,,,,,,,,,
2023-04-03 22:31:00,,,,,,,,,,,,
2023-04-03 22:32:00,,,,,,,,,,,,
2023-04-03 22:33:00,,,,,,,,,,,,
2023-04-03 22:34:00,,,,,,,,,,,,
2023-04-03 22:35:00,,,,,,,,,,,,
2023-04-03 22:36:00,,,,,,,,,,,,
2023-04-03 22:37:00,,,,,,,,,,,,
2023-04-03 22:38:00,,,,,,,,,,,,
2023-04-03 22:39:00,,,,,,,,,,,,
2023-04-03 22:40:00,,,,,,,,,,,,
2023-04-03 22:41:00,,,,,,,,,,,,
2023-04-03 22:42:00,,,,,,,,,,,,
2023-04-03 22:43:00,,,,,,,,,,,,
2023-04-03 22:44:00,,,,,,,,,,,,
2023-04-03 22:45:00,,,,,,,,,,,,
2023-04-03 22:46:00,,,,,,,,,,,,
2023-04-03 22:47:00,,,,,,,,,,,,
2023-04-03 22:48:00,,,,,,,,,,,,
2023-04-03 22:49:00,,,,,,,,,,,,
2023-04-03 22:50:00,,,,,,,,,,,,
2023-04-03 22:51:00,,,,,,,,,,,,
2023-04-03 22:52:00,,,,,,,,,,,,
2023-04-03 22:53:00,,,,,,,,,,,,
2023-04-03 22:54:00,,,,,,,,,,,,
2023-04-03 22:55:00,,,,,,,,,,,,
2023-04-03 22:56:00,,,,,,,,,,,,
2023-04-03 22:57:00,,,,,,,,,,,,
2023-04-03 22:58:00,,,,,,,,,,,,
2023-04-03 22:59:00,,,,,,,,,,,,
2023-04-03 23:00:00,,,,,,,,,,,,
2023-04-03 23:01:00,,,,,,,,,,,,
2023-04-03 23:02:00,,,,,,,,,,,,
2023-04-03 23:03:00,,,,,,,,,,,,
2023-04-03 23:04:00,,,,,,,,,,,,
2023-04-03 23:05:00,,,,,,,,,,,,
2023-04-03 23:06:00,,,,,,,,,,,,
2023-04-03 23:07:00,,,,,,,,,,,,
2023-04-03 23:08:00,,,,,,,,,,,,
2023-04-03 23:09:00,,,,,,,,,,,,
2023-04-03 23:10:00,,,,,,,,,,,,
2023-04-03 23:11:00,,,,,,,,,,,,
2023-04-03 23:12:00,,,,,,,,,,,,
2023-04-03 23:13:00,,,,,,,,,,,,
2023-04-03 23:14:00,,,,,,,,,,,,
2023-04-03 23:15:00,,,,,,,,,,,,
2023-04-03 23:16:00,,,,,,,,,,,,
2023-04-03 23:17:00,,,,,,,,,,,,
2023-04-03 23:18:00,,,,,,,,,,,,
2023-04-03 23:19:00,,,,,,,,,,,,
2023-04-03 23:20:00,,,,,,,,,,,,
2023-04-03 23:21:00,,,,,,,,,,,,
2023-04-03 23:22:00,,,,,,,,,,,,
2023-04-03 23:23:00,,,,,,,,,,,,
2023-04-03 23:24:00,,,,,,,,,,,,
2023-04-03 23:25:00,,,,,,,,,,,,
2023-04-03 23:26:00,,,,,,,,,,,,
2023-04-03 23:27:00,,,,,,,,,,,,
2023-04-03 23:28:00,,,,,,,,,,,,
2023-04-03 23:29:00,,,,,,,,,,,,
2023-04-03 23:30:00,,,,,,,,,,,,
2023-04-03 23:31:00,,,,,,,,,,,,
2023-04-03 23:32:00,,,,,,,,,,,,
2023-04-03 23:33:00,,,,,,,,,,,,
2023-04-03 23:34:00,,,,,,,,,,,,
2023-04-03 23:35:00,,,,,,,,,,,,
2023-04-03 23:36:00,,,,,,,,,,,,
2023-04-03 23:37:00,,,,,,,,,,,,
2023-04-03 23:38:00,,,,,,,,,,,,
2023-04-03 23:39:00,,,,,,,,,,,,
2023-04-03 23:40:00,,,,,,,,,,,,
2023-04-03 23:41:00,,,,,,,,,,,,
2023-04-03 23:42:00,,,,,,,,,,,,
2023-04-03 23:43:00,,,,,,,,,,,,
2023-04-03 23:44:00,,,,,,,,,,,,
2023-04-03 23:45:00,,,,,,,,,,,,
2023-04-03 23:46:00,,,,,,,,,,,,
2023-04-03 23:47:00,,,,,,,,,,,,
2023-04-03 23:48:00,,,,,,,,,,,,
2023-04-03 23:49:00,,,,,,,,,,,,
2023-04-03 23:50:00,,,,,,,,,,,,
2023-04-03 23:51:00,,,,,,,,,,,,
2023-04-03 23:52:00,,,,,,,,,,,,
2023-04-03 23:53:00,,,,,,,,,,,,
2023-04-03 23:54:00,,,,,,,,,,,,
2023-04-03 23:55:00,,,,,,,,,,,,
2023-04-03 23:56:00,,,,,,,,,,,,
2023-04-03 23:57:00,,,,,,,,,,,,
2023-04-03 23:58:00,,,,,,,,,,,,
2023-04-03 23:59:00,,,,,,,,,,,,
2023-04-04 00:00:00,,,,,,,,,,,,
2023-04-04 00:01:00,,,,,,,,,,,,
2023-04-04 00:02:00,,,,,,,,,,,,
2023-04-04 00:03:00,,,,,,,,,,,,
2023-04-04 00:04:00,,,,,,,,,,,,
2023-04-04 00:05:00,,,,,,,,,,,,
2023-04-04 00:06:00,,,,,,,,,,,,
2023-04-04 00:07:00,,,,,,,,,,,,
2023-04-04 00:08:00,,,,,,,,,,,,
2023-04-04 00:09:00,,,,,,,,,,,,
2023-04-04 00:10:00,,,,,,,,,,,,
2023-04-04 00:11:00,,,,,,,,,,,,
2023-04-04 00:12:00,,,,,,,,,,,,
2023-04-04 00:13:00,,,,,,,,,,,,
2023-04-04 00:14:00,,,,,,,,,,,,
2023-04-04 00:15:00,,,,,,,,,,,,
2023-04-04 00:16:00,,,,,,,,,,,,
2023-04-04 00:17:00,,,,,,,,,,,,
2023-04-04 00:18:00,,,,,,,,,,,,
2023-04-04 00:19:00,,,,,,,,,,,,
2023-04-04 00:20:00,,,,,,,,,,,,
2023-04-04 00:21:00,,,,,,,,,,,,
2023-04-04 00:22:00,,,,,,,,,,,,
2023-04-04 00:23:00,,,,,,,,,,,,
2023-04-04 00:24:00,,,,,,,,,,,,
2023-04-04 00:25:00,,,,,,,,,,,,
2023-04-04 00:26:00,,,,,,,,,,,,
2023-04-04 00:27:00,,,,,,,,,,,,
2023-04-04 00:28:00,,,,,,,,,,,,
2023-04-04 00:29:00,,,,,,,,,,,,
2023-04-04 00:30:00,,,,,,,,,,,,
2023-04-04 00:31:00,,,,,,,,,,,,
2023-04-04 00:32:00,,,,,,,,,,,,
2023-04-04 00:33:00,,,,,,,,,,,,
2023-04-04 00:34:00,,,,,,,,,,,,
2023-04-04 00:35:00,,,,,,,,,,,,
2023-04-04 00:36:00,,,,,,,,,,,,
2023-04-04 00:37:00,,,,,,,,,,,,
2023-04-04 00:38:00,,,,,,,,,,,,
2023-04-04 00:39:00,,,,,,,,,,,,
2023-04-04 00:40:00,,,,,,,,,,,,
2023-04-04 00:41:00,,,,,,,,,,,,
2023-04-04 00:42:00,,,,,,,,,,,,
2023-04-04 00:43:00,,,,,,,,,,,,
2023-04-04 00:44:00,,,,,,,,,,,,
2023-04-04 00:45:00,,,,,,,,,,,,
2023-04-04 00:46:00,,,,,,,,,,,,
2023-04-04 00:47:00,,,,,,,,,,,,
2023-04-04 00:48:00,,,,,,,,,,,,
2023-04-04 00:49:00,,,,,,,,,,,,
2023-04-04 00:50:00,,,,,,,,,,,,
2023-04-04 00:51:00,,,,,,,,,,,,
2023-04-04 00:52:00,,,,,,,,,,,,
2023-04-04 00:53:00,,,,,,,,,,,,
2023-04-04 00:54:00,,,,,,,,,,,,
2023-04-04 00:55:00,,,,,,,,,,,,
2023-04-04 00:56:00,,,,,,,,,,,,
2023-04-04 00:57:00,,,,,,,,,,,,
2023-04-04 00:58:00,,,,,,,,,,,,
2023-04-04 00:59:00,,,,,,,,,,,,
2023-04-04 01:00:00,,,,,,,,,,,,
2023-04-04 01:01:00,,,,,,,,,,,,
2023-04-04 01:02:00,,,,,,,,,,,,
2023-04-04 01:03:00,,,,,,,,,,,,
2023-04-04 01:04:00,,,,,,,,,,,,
2023-04-04 01:05:00,,,,,,,,,,,,
2023-04-04 01:06:00,,,,,,,,,,,,
2023-04-04 01:07:00,,,,,,,,,,,,
2023-04-04 01:08:00,,,,,,,,,,,,
2023-04-04 01:09:00,,,,,,,,,,,,
2023-04-04 01:10:00,,,,,,,,,,,,
2023-04-04 01:11:00,,,,,,,,,,,,
2023-04-04 01:12:00,,,,,,,,,,,,
2023-04-04 01:13:00,,,,,,,,,,,,
2023-04-04 01:14:00,,,,,,,,,,,,
2023-04-04 01:15:00,,,,,,,,,,,,
2023-04-04 01:16:00,,,,,,,,,,,,
2023-04-04 01:17:00,,,,,,,,,,,,
2023-04-04 01:18:00,,,,,,,,,,,,
2023-04-04 01:19:00,,,,,,,,,,,,
2023-04-04 01:20:00,,,,,,,,,,,,
2023-04-04 01:21:00,,,,,,,,,,,,
2023-04-04 01:22:00,,,,,,,,,,,,
2023-04-04 01:23:00,,,,,,,,,,,,
2023-04-04 01:24:00,,,,,,,,,,,,
2023-04-04 01:25:00,,,,,,,,,,,,
2023-04-04 01:26:00,,,,,,,,,,,,
2023-04-04 01:27:00,,,,,,,,,,,,
2023-04-04 01:28:00,,,,,,,,,,,,
2023-04-04 01:29:00,,,,,,,,,,,,
2023-04-04 01:30:00,,,,,,,,,,,,
2023-04-04 01:31:00,,,,,,,,,,,,
2023-04-04 01:32:00,,,,,,,,,,,,
2023-04-04 01:33:00,,,,,,,,,,,,
2023-04-04 01:34:00,,,,,,,,,,,,
2023-04-04 01:35:00,,,,,,,,,,,,
2023-04-04 01:36:00,,,,,,,,,,,,
2023-04-04 01:37:00,,,,,,,,,,,,
2023-04-04 01:38:00,,,,,,,,,,,,
2023-04-04 01:39:00,,,,,,,,,,,,
2023-04-04 01:40:00,,,,,,,,,,,,
2023-04-04 01:41:00,,,,,,,,,,,,
2023-04-04 01:42:00,,,,,,,,,,,,
2023-04-04 01:43:00,,,,,,,,,,,,
2023-04-04 01:44:00,,,,,,,,,,,,
2023-04-04 01:45:00,,,,,,,,,,,,
2023-04-04 01:46:00,,,,,,,,,,,,
2023-04-04 01:47:00,,,,,,,,,,,,
2023-04-04 01:48:00,,,,,,,,,,,,
2023-04-04 01:49:00,,,,,,,,,,,,
2023-04-04 01:50:00,,,,,,,,,,,,
2023-04-04 01:51:00,,,,,,,,,,,,
2023-04-04 01:52:00,,,,,,,,,,,,
2023-04-04 01:53:00,,,,,,,,,,,,
2023-04-04 01:54:00,,,,,,,,,,,,
2023-04-04 01:55:00,,,,,,,,,,,,
2023-04-04 01:56:00,,,,,,,,,,,,
2023-04-04 01:57:00,,,,,,,,,,,,
2023-04-04 01:58:00,,,,,,,,,,,,
2023-04-04 01:59:00,,,,,,,,,,,,
2023-04-04 02:00:00,,,,,,,,,,,,
2023-04-04 02:01:00,,,,,,,,,,,,
2023-04-04 02:02:00,,,,,,,,,,,,
2023-04-04 02:03:00,,,,,,,,,,,,
2023-04-04 02:04:00,,,,,,,,,,,,
2023-04-04 02:05:00,,,,,,,,,,,,
2023-04-04 02:06:00,,,,,,,,,,,,
2023-04-04 02:07:00,,,,,,,,,,,,
2023-04-04 02:08:00,,,,,,,,,,,,
2023-04-04 02:09:00,,,,,,,,,,,,
2023-04-04 02:10:00,,,,,,,,,,,,
2023-04-04 02:11:00,,,,,,,,,,,,
2023-04-04 02:12:00,,,,,,,,,,,,
2023-04-04 02:13:00,,,,,,,,,,,,
2023-04-04 02:14:00,,,,,,,,,,,,
2023-04-04 02:15:00,,,,,,,,,,,,
2023-04-04 02:16:00,,,,,,,,,,,,
2023-04-04 02:17:00,,,,,,,,,,,,
2023-04-04 02:18:00,,,,,,,,,,,,
2023-04-04 02:19:00,,,,,,,,,,,,
2023-04-04 02:20:00,,,,,,,,,,,,
2023-04-04 02:21:00,,,,,,,,,,,,
2023-04-04 02:22:00,,,,,,,,,,,,
2023-04-04 02:23:00,,,,,,,,,,,,
2023-04-04 02:24:00,,,,,,,,,,,,
2023-04-04 02:25:00,,,,,,,,,,,,
2023-04-04 02:26:00,,,,,,,,,,,,
2023-04-04 02:27:00,,,,,,,,,,,,
2023-04-04 02:28:00,,,,,,,,,,,,
2023-04-04 02:29:00,,,,,,,,,,,,
2023-04-04 02:30:00,,,,,,,,,,,,
2023-04-04 02:31:00,,,,,,,,,,,,
2023-04-04 02:32:00,,,,,,,,,,,,
2023-04-04 02:33:00,,,,,,,,,,,,
2023-04-04 02:34:00,,,,,,,,,,,,
2023-04-04 02:35:00,,,,,,,,,,,,
2023-04-04 02:36:00,,,,,,,,,,,,
2023-04-04 02:37:00,,,,,,,,,,,,
2023-04-04 02:38:00,,,,,,,,,,,,
2023-04-04 02:39:00,,,,,,,,,,,,
2023-04-04 02:40:00,,,,,,,,,,,,
2023-04-04 02:41:00,,,,,,,,,,,,
2023-04-04 02:42:00,,,,,,,,,,,,
2023-04-04 02:43:00,,,,,,,,,,,,
2023-04-04 02:44:00,,,,,,,,,,,,
2023-04-04 02:45:00,,,,,,,,,,,,
2023-04-04 02:46:00,,,,,,,,,,,,
2023-04-04 02:47:00,,,,,,,,,,,,
2023-04-04 02:48:00,,,,,,,,,,,,
2023-04-04 02:49:00,,,,,,,,,,,,
2023-04-04 02:50:00,,,,,,,,,,,,
2023-04-04 02:51:00,,,,,,,,,,,,
2023-04-04 02:52:00,,,,,,,,,,,,
2023-04-04 02:53:00,,,,,,,,,,,,
2023-04-04 02:54:00,,,,,,,,,,,,
2023-04-04 02:55:00,,,,,,,,,,,,
2023-04-04 02:56:00,,,,,,,,,,,,
2023-04-04 02:57:00,,,,,,,,,,,,
2023-04-04 02:58:00,,,,,,,,,,,,
2023-04-04 02:59:00,,,,,,,,,,,,
2023-04-04 03:00:00,,,,,,,,,,,,
2023-04-04 03:01:00,,,,,,,,,,,,
2023-04-04 03:02:00,,,,,,,,,,,,
2023-04-04 03:03:00,,,,,,,,,,,,
2023-04-04 03:04:00,,,,,,,,,,,,
2023-04-04 03:05:00,,,,,,,,,,,,
2023-04-04 03:06:00,,,,,,,,,,,,
2023-04-04 03:07:00,,,,,,,,,,,,
2023-04-04 03:08:00,,,,,,,,,,,,
2023-04-04 03:09:00,,,,,,,,,,,,
2023-04-04 03:10:00,,,,,,,,,,,,
2023-04-04 03:11:00,,,,,,,,,,,,
2023-04-04 03:12:00,,,,,,,,,,,,
2023-04-04 03:13:00,,,,,,,,,,,,
2023-04-04 03:14:00,,,,,,,,,,,,
2023-04-04 03:15:00,,,,,,,,,,,,
2023-04-04 03:16:00,,,,,,,,,,,,
2023-04-04 03:17:00,,,,,,,,,,,,
2023-04-04 03:18:00,,,,,,,,,,,,
2023-04-04 03:19:00,,,,,,,,,,,,
2023-04-04 03:20:00,,,,,,,,,,,,
2023-04-04 03:21:00,,,,,,,,,,,,
2023-04-04 03:22:00,,,,,,,,,,,,
2023-04-04 03:23:00,,,,,,,,,,,,
2023-04-04 03:24:00,,,,,,,,,,,,
2023-04-04 03:25:00,,,,,,,,,,,,
2023-04-04 03:26:00,,,,,,,,,,,,
2023-04-04 03:27:00,,,,,,,,,,,,
2023-04-04 03:28:00,,,,,,,,,,,,
2023-04-04 03:29:00,,,,,,,,,,,,
2023-04-04 03:30:00,,,,,,,,,,,,
2023-04-04 03:31:00,,,,,,,,,,,,
2023-04-04 03:32:00,,,,,,,,,,,,
2023-04-04 03:33:00,,,,,,,,,,,,
2023-04-04 03:34:00,,,,,,,,,,,,
2023-04-04 03:35:00,,,,,,,,,,,,
2023-04-04 03:36:00,,,,,,,,,,,,
2023-04-04 03:37:00,,,,,,,,,,,,
2023-04-04 03:38:00,,,,,,,,,,,,
2023-04-04 03:39:00,,,,,,,,,,,,
2023-04-04 03:40:00,,,,,,,,,,,,
2023-04-04 03:41:00,,,,,,,,,,,,
2023-04-04 03:42:00,,,,,,,,,,,,
2023-04-04 03:43:00,,,,,,,,,,,,
2023-04-04 03:44:00,,,,,,,,,,,,
2023-04-04 03:45:00,,,,,,,,,,,,
2023-04-04 03:46:00,,,,,,,,,,,,
2023-04-04 03:47:00,,,,,,,,,,,,
2023-04-04 03:48:00,,,,,,,,,,,,
2023-04-04 03:49:00,,,,,,,,,,,,
2023-04-04 03:50:00,,,,,,,,,,,,
2023-04-04 03:51:00,,,,,,,,,,,,
2023-04-04 03:52:00,,,,,,,,,,,,
2023-04-04 03:53:00,,,,,,,,,,,,
2023-04-04 03:54:00,,,,,,,,,,,,
2023-04-04 03:55:00,,,,,,,,,,,,
2023-04-04 03:56:00,,,,,,,,,,,,
2023-04-04 03:57:00,,,,,,,,,,,,
2023-04-04 03:58:00,,,,,,,,,,,,
2023-04-04 03:59:00,,,,,,,,,,,,
2023-04-04 04:00:00,,,,,,,,,,,,
2023-04-04 04:01:00,,,,,,,,,,,,
2023-04-04 04:02:00,,,,,,,,,,,,
2023-04-04 04:03:00,,,,,,,,,,,,
2023-04-04 04:04:00,,,,,,,,,,,,
2023-04-04 04:05:00,,,,,,,,,,,,
2023-04-04 04:06:00,,,,,,,,,,,,
2023-04-04 04:07:00,,,,,,,,,,,,
2023-04-04 04:08:00,,,,,,,,,,,,
2023-04-04 04:09:00,,,,,,,,,,,,
2023-04-04 04:10:00,,,,,,,,,,,,
2023-04-04 04:11:00,,,,,,,,,,,,
2023-04-04 04:12:00,,,,,,,,,,,,
2023-04-04 04:13:00,,,,,,,,,,,,
2023-04-04 04:14:00,,,,,,,,,,,,
2023-04-04 04:15:00,,,,,,,,,,,,
2023-04-04 04:16:00,,,,,,,,,,,,
2023-04-04 04:17:00,,,,,,,,,,,,
2023-04-04 04:18:00,,,,,,,,,,,,
2023-04-04 04:19:00,,,,,,,,,,,,
2023-04-04 04:20:00,,,,,,,,,,,,
2023-04-04 04:21:00,,,,,,,,,,,,
2023-04-04 04:22:00,,,,,,,,,,,,
2023-04-04 04:23:00,,,,,,,,,,,,
2023-04-04 04:24:00,,,,,,,,,,,,
2023-04-04 04:25:00,,,,,,,,,,,,
2023-04-04 04:26:00,,,,,,,,,,,,
2023-04-04 04:27:00,,,,,,,,,,,,
2023-04-04 04:28:00,,,,,,,,,,,,
2023-04-04 04:29:00,,,,,,,,,,,,
2023-04-04 04:30:00,,,,,,,,,,,,
2023-04-04 04:31:00,,,,,,,,,,,,
2023-04-04 04:32:00,,,,,,,,,,,,
2023-04-04 04:33:00,,,,,,,,,,,,
2023-04-04 04:34:00,,,,,,,,,,,,
2023-04-04 04:35:00,,,,,,,,,,,,
2023-04-04 04:36:00,,,,,,,,,,,,
2023-04-04 04:37:00,,,,,,,,,,,,
2023-04-04 04:38:00,,,,,,,,,,,,
2023-04-04 04:39:00,,,,,,,,,,,,
2023-04-04 04:40:00,,,,,,,,,,,,
2023-04-04 04:41:00,,,,,,,,,,,,
2023-04-04 04:42:00,,,,,,,,,,,,
2023-04-04 04:43:00,,,,,,,,,,,,
2023-04-04 04:44:00,,,,,,,,,,,,
2023-04-04 04:45:00,,,,,,,,,,,,
2023-04-04 04:46:00,,,,,,,,,,,,
2023-04-04 04:47:00,,,,,,,,,,,,
2023-04-04 04:48:00,,,,,,,,,,,,
2023-04-04 04:49:00,,,,,,,,,,,,
2023-04-04 04:50:00,,,,,,,,,,,,
2023-04-04 04:51:00,,,,,,,,,,,,
2023-04-04 04:52:00,,,,,,,,,,,,
2023-04-04 04:53:00,,,,,,,,,,,,
2023-04-04 04:54:00,,,,,,,,,,,,
2023-04-04 04:55:00,,,,,,,,,,,,
2023-04-04 04:56:00,,,,,,,,,,,,
2023-04-04 04:57:00,,,,,,,,,,,,
2023-04-04 04:58:00,,,,,,,,,,,,
2023-04-04 04:59:00,,,,,,,,,,,,
2023-04-04 05:00:00,,,,,,,,,,,,
2023-04-04 05:01:00,,,,,,,,,,,,
2023-04-04 05:02:00,,,,,,,,,,,,
2023-04-04 05:03:00,,,,,,,,,,,,
2023-04-04 05:04:00,,,,,,,,,,,,
2023-04-04 05:05:00,,,,,,,,,,,,
2023-04-04 05:06:00,,,,,,,,,,,,
2023-04-04 05:07:00,,,,,,,,,,,,
2023-04-04 05:08:00,,,,,,,,,,,,
2023-04-04 05:09:00,,,,,,,,,,,,
2023-04-04 05:10:00,,,,,,,,,,,,
2023-04-04 05:11:00,,,,,,,,,,,,
2023-04-04 05:12:00,,,,,,,,,,,,
2023-04-04 05:13:00,,,,,,,,,,,,
2023-04-04 05:14:00,,,,,,,,,,,,
2023-04-04 05:15:00,,,,,,,,,,,,
2023-04-04 05:16:00,,,,,,,,,,,,
2023-04-04 05:17:00,,,,,,,,,,,,
2023-04-04 05:18:00,,,,,,,,,,,,
2023-04-04 05:19:00,,,,,,,,,,,,
2023-04-04 05:20:00,,,,,,,,,,,,
2023-04-04 05:21:00,,,,,,,,,,,,
2023-04-04 05:22:00,,,,,,,,,,,,
2023-04-04 05:23:00,,,,,,,,,,,,
2023-04-04 05:24:00,,,,,,,,,,,,
2023-04-04 05:25:00,,,,,,,,,,,,
2023-04-04 05:26:00,,,,,,,,,,,,
2023-04-04 05:27:00,,,,,,,,,,,,
2023-04-04 05:28:00,,,,,,,,,,,,
2023-04-04 05:29:00,,,,,,,,,,,,
2023-04-04 05:30:00,,,,,,,,,,,,
2023-04-04 05:31:00,,,,,,,,,,,,
2023-04-04 05:32:00,,,,,,,,,,,,
2023-04-04 05:33:00,,,,,,,,,,,,
2023-04-04 05:34:00,,,,,,,,,,,,
2023-04-04 05:35:00,,,,,,,,,,,,
2023-04-04 05:36:00,,,,,,,,,,,,
2023-04-04 05:37:00,,,,,,,,,,,,
2023-04-04 05:38:00,,,,,,,,,,,,
2023-04-04 05:39:00,,,,,,,,,,,,
2023-04-04 05:40:00,,,,,,,,,,,,
2023-04-04 05:41:00,,,,,,,,,,,,
2023-04-04 05:42:00,,,,,,,,,,,,
2023-04-04 05:43:00,,,,,,,,,,,,
2023-04-04 05:44:00,,,,,,,,,,,,
2023-04-04 05:45:00,,,,,,,,,,,,
2023-04-04 05:46:00,,,,,,,,,,,,
2023-04-04 05:47:00,,,,,,,,,,,,
2023-04-04 05:48:00,,,,,,,,,,,,
2023-04-04 05:49:00,,,,,,,,,,,,
2023-04-04 05:50:00,,,,,,,,,,,,
2023-04-04 05:51:00,,,,,,,,,,,,
2023-04-04 05:52:00,,,,,,,,,,,,
2023-04-04 05:53:00,,,,,,,,,,,,
2023-04-04 05:54:00,,,,,,,,,,,,
2023-04-04 05:55:00,,,,,,,,,,,,
2023-04-04 05:56:00,,,,,,,,,,,,
2023-04-04 05:57:00,,,,,,,,,,,,
2023-04-04 05:58:00,,,,,,,,,,,,
2023-04-04 05:59:00,,,,,,,,,,,,
2023-04-04 06:00:00,,,,,,,,,,,,
2023-04-04 06:01:00,,,,,,,,,,,,
2023-04-04 06:02:00,,,,,,,,,,,,
2023-04-04 06:03:00,,,,,,,,,,,,
2023-04-04 06:04:00,,,,,,,,,,,,
2023-04-04 06:05:00,,,,,,,,,,,,
2023-04-04 06:06:00,,,,,,,,,,,,
2023-04-04 06:07:00,,,,,,,,,,,,
2023-04-04 06:08:00,,,,,,,,,,,,
2023-04-04 06:09:00,,,,,,,,,,,,
2023-04-04 06:10:00,,,,,,,,,,,,
2023-04-04 06:11:00,,,,,,,,,,,,
2023-04-04 06:12:00,,,,,,,,,,,,
2023-04-04 06:13:00,,,,,,,,,,,,
2023-04-04 06:14:00,,,,,,,,,,,,
2023-04-04 06:15:00,,,,,,,,,,,,
2023-04-04 06:16:00,,,,,,,,,,,,
2023-04-04 06:17:00,,,,,,,,,,,,
2023-04-04 06:18:00,,,,,,,,,,,,
2023-04-04 06:19:00,,,,,,,,,,,,
2023-04-04 06:20:00,,,,,,,,,,,,
2023-04-04 06:21:00,,,,,,,,,,,,
2023-04-04 06:22:00,,,,,,,,,,,,
2023-04-04 06:23:00,,,,,,,,,,,,
2023-04-04 06:24:00,,,,,,,,,,,,
2023-04-04 06:25:00,,,,,,,,,,,,
2023-04-04 06:26:00,,,,,,,,,,,,
2023-04-04 06:27:00,,,,,,,,,,,,
2023-04-04 06:28:00,,,,,,,,,,,,
2023-04-04 06:29:00,,,,,,,,,,,,
2023-04-04 06:30:00,,,,,,,,,,,,
2023-04-04 06:31:00,,,,,,,,,,,,
2023-04-04 06:32:00,,,,,,,,,,,,
2023-04-04 06:33:00,,,,,,,,,,,,
2023-04-04 06:34:00,,,,,,,,,,,,
2023-04-04 06:35:00,,,,,,,,,,,,
2023-04-04 06:36:00,,,,,,,,,,,,
2023-04-04 06:37:00,,,,,,,,,,,,
2023-04-04 06:38:00,,,,,,,,,,,,
2023-04-04 06:39:00,,,,,,,,,,,,
2023-04-04 06:40:00,,,,,,,,,,,,
2023-04-04 06:41:00,,,,,,,,,,,,
2023-04-04 06:42:00,,,,,,,,,,,,
2023-04-04 06:43:00,,,,,,,,,,,,
2023-04-04 06:44:00,,,,,,,,,,,,
2023-04-04 06:45:00,,,,,,,,,,,,
2023-04-04 06:46:00,,,,,,,,,,,,
2023-04-04 06:47:00,,,,,,,,,,,,
2023-04-04 06:48:00,,,,,,,,,,,,
2023-04-04 06:49:00,,,,,,,,,,,,
2023-04-04 06:50:00,,,,,,,,,,,,
2023-04-04 06:51:00,,,,,,,,,,,,
2023-04-04 06:52:00,,,,,,,,,,,,
2023-04-04 06:53:00,,,,,,,,,,,,
2023-04-04 06:54:00,,,,,,,,,,,,
2023-04-04 06:55:00,,,,,,,,,,,,
2023-04-04 06:56:00,,,,,,,,,,,,
2023-04-04 06:57:00,,,,,,,,,,,,
2023-04-04 06:58:00,,,,,,,,,,,,
2023-04-04 06:59:00,,,,,,,,,,,,
2023-04-04 07:00:00,,,,,,,,,,,,
2023-04-04 07:01:00,,,,,,,,,,,,
2023-04-04 07:02:00,,,,,,,,,,,,
2023-04-04 07:03:00,,,,,,,,,,,,
2023-04-04 07:04:00,,,,,,,,,,,,
2023-04-04 07:05:00,,,,,,,,,,,,
2023-04-04 07:06:00,,,,,,,,,,,,
2023-04-04 07:07:00,,,,,,,,,,,,
2023-04-04 07:08:00,,,,,,,,,,,,
2023-04-04 07:09:00,,,,,,,,,,,,
2023-04-04 07:10:00,,,,,,,,,,,,
2023-04-04 07:11:00,,,,,,,,,,,,
2023-04-04 07:12:00,,,,,,,,,,,,
2023-04-04 07:13:00,,,,,,,,,,,,
2023-04-04 07:14:00,,,,,,,,,,,,
2023-04-04 07:15:00,,,,,,,,,,,,
2023-04-04 07:16:00,,,,,,,,,,,,
2023-04-04 07:17:00,,,,,,,,,,,,
2023-04-04 07:18:00,,,,,,,,,,,,
2023-04-04 07:19:00,,,,,,,,,,,,
2023-04-04 07:20:00,,,,,,,,,,,,
2023-04-04 07:21:00,,,,,,,,,,,,
2023-04-04 07:22:00,,,,,,,,,,,,
2023-04-04 07:23:00,,,,,,,,,,,,
2023-04-04 07:24:00,,,,,,,,,,,,
2023-04-04 07:25:00,,,,,,,,,,,,
2023-04-04 07:26:00,,,,,,,,,,,,
2023-04-04 07:27:00,,,,,,,,,,,,
2023-04-04 07:28:00,,,,,,,,,,,,
2023-04-04 07:29:00,,,,,,,,,,,,
2023-04-04 07:30:00,,,,,,,,,,,,
2023-04-04 07:31:00,,,,,,,,,,,,
2023-04-04 07:32:00,,,,,,,,,,,,
2023-04-04 07:33:00,,,,,,,,,,,,
2023-04-04 07:34:00,,,,,,,,,,,,
2023-04-04 07:35:00,,,,,,,,,,,,
2023-04-04 07:36:00,,,,,,,,,,,,
2023-04-04 07:37:00,,,,,,,,,,,,
2023-04-04 07:38:00,,,,,,,,,,,,
2023-04-04 07:39:00,,,,,,,,,,,,
2023-04-04 07:40:00,,,,,,,,,,,,
2023-04-04 07:41:00,,,,,,,,,,,,
2023-04-04 07:42:00,,,,,,,,,,,,
2023-04-04 07:43:00,,,,,,,,,,,,
2023-04-04 07:44:00,,,,,,,,,,,,
2023-04-04 07:45:00,,,,,,,,,,,,
2023-04-04 07:46:00,,,,,,,,,,,,
2023-04-04 07:47:00,,,,,,,,,,,,
2023-04-04 07:48:00,,,,,,,,,,,,
2023-04-04 07:49:00,,,,,,,,,,,,
2023-04-04 07:50:00,,,,,,,,,,,,
2023-04-04 07:51:00,,,,,,,,,,,,
2023-04-04 07:52:00,,,,,,,,,,,,
2023-04-04 07:53:00,,,,,,,,,,,,
2023-04-04 07:54:00,,,,,,,,,,,,
2023-04-04 07:55:00,,,,,,,,,,,,
2023-04-04 07:56:00,,,,,,,,,,,,
2023-04-04 07:57:00,,,,,,,,,,,,
2023-04-04 07:58:00,,,,,,,,,,,,
2023-04-04 07:59:00,,,,,,,,,,,,
2023-04-04 08:00:00,,,,,,,,,,,,
2023-04-04 08:01:00,,,,,,,,,,,,
2023-04-04 08:02:00,,,,,,,,,,,,
2023-04-04 08:03:00,,,,,,,,,,,,
2023-04-04 08:04:00,,,,,,,,,,,,
2023-04-04 08:05:00,,,,,,,,,,,,
2023-04-04 08:06:00,,,,,,,,,,,,
2023-04-04 08:07:00,,,,,,,,,,,,
2023-04-04 08:08:00,,,,,,,,,,,,
2023-04-04 08:09:00,,,,,,,,,,,,
2023-04-04 08:10:00,,,,,,,,,,,,
2023-04-04 08:11:00,,,,,,,,,,,,
2023-04-04 08:12:00,,,,,,,,,,,,
2023-04-04 08:13:00,,,,,,,,,,,,
2023-04-04 08:14:00,,,,,,,,,,,,
2023-04-04 08:15:00,,,,,,,,,,,,
2023-04-04 08:16:00,,,,,,,,,,,,
2023-04-04 08:17:00,,,,,,,,,,,,
2023-04-04 08:18:00,,,,,,,,,,,,
2023-04-04 08:19:00,,,,,,,,,,,,
2023-04-04 08:20:00,,,,,,,,,,,,
2023-04-04 08:21:00,,,,,,,,,,,,
2023-04-04 08:22:00,,,,,,,,,,,,
2023-04-04 08:23:00,,,,,,,,,,,,
2023-04-04 08:24:00,,,,,,,,,,,,
2023-04-04 08:25:00,,,,,,,,,,,,
2023-04-04 08:26:00,,,,,,,,,,,,
2023-04-04 08:27:00,,,,,,,,,,,,
2023-04-04 08:28:00,,,,,,,,,,,,
2023-04-04 08:29:00,,,,,,,,,,,,
2023-04-04 08:30:00,,,,,,,,,,,,
2023-04-04 08:31:00,,,,,,,,,,,,
2023-04-04 08:32:00,,,,,,,,,,,,
2023-04-04 08:33:00,,,,,,,,,,,,
2023-04-04 08:34:00,,,,,,,,,,,,
2023-04-04 08:35:00,,,,,,,,,,,,
2023-04-04 08:36:00,,,,,,,,,,,,
2023-04-04 08:37:00,,,,,,,,,,,,
2023-04-04 08:38:00,,,,,,,,,,,,
2023-04-04 08:39:00,,,,,,,,,,,,
2023-04-04 08:40:00,,,,,,,,,,,,
2023-04-04 08:41:00,,,,,,,,,,,,
2023-04-04 08:42:00,,,,,,,,,,,,
2023-04-04 08:43:00,,,,,,,,,,,,
2023-04-04 08:44:00,,,,,,,,,,,,
2023-04-04 08:45:00,,,,,,,,,,,,
2023-04-04 08:46:00,,,,,,,,,,,,
2023-04-04 08:47:00,,,,,,,,,,,,
2023-04-04 08:48:00,,,,,,,,,,,,
2023-04-04 08:49:00,,,,,,,,,,,,
2023-04-04 08:50:00,,,,,,,,,,,,
2023-04-04 08:51:00,,,,,,,,,,,,
2023-04-04 08:52:00,,,,,,,,,,,,
2023-04-04 08:53:00,,,,,,,,,,,,
2023-04-04 08:54:00,,,,,,,,,,,,
2023-04-04 08:55:00,,,,,,,,,,,,
2023-04-04 08:56:00,,,,,,,,,,,,
2023-04-04 08:57:00,,,,,,,,,,,,
2023-04-04 08:58:00,,,,,,,,,,,,
2023-04-04 08:59:00,,,,,,,,,,,,
2023-04-04 09:00:00,,,,,,,,,,,,
2023-04-04 09:01:00,,,,,,,,,,,,
2023-04-04 09:02:00,,,,,,,,,,,,
2023-04-04 09:03:00,,,,,,,,,,,,
2023-04-04 09:04:00,,,,,,,,,,,,
2023-04-04 09:05:00,,,,,,,,,,,,
2023-04-04 09:06:00,,,,,,,,,,,,
2023-04-04 09:07:00,,,,,,,,,,,,
2023-04-04 09:08:00,,,,,,,,,,,,
2023-04-04 09:09:00,,,,,,,,,,,,
2023-04-04 09:10:00,,,,,,,,,,,,
2023-04-04 09:11:00,,,,,,,,,,,,
2023-04-04 09:12:00,,,,,,,,,,,,
2023-04-04 09:13:00,,,,,,,,,,,,
2023-04-04 09:14:00,,,,,,,,,,,,
2023-04-04 09:15:00,,,,,,,,,,,,
2023-04-04 09:16:00,,,,,,,,,,,,
2023-04-04 09:17:00,,,,,,,,,,,,
2023-04-04 09:18:00,,,,,,,,,,,,
2023-04-04 09:19:00,,,,,,,,,,,,
2023-04-04 09:20:00,,,,,,,,,,,,
2023-04-04 09:21:00,,,,,,,,,,,,
2023-04-04 09:22:00,,,,,,,,,,,,
2023-04-04 09:23:00,,,,,,,,,,,,
2023-04-04 09:24:00,,,,,,,,,,,,
2023-04-04 09:25:00,,,,,,,,,,,,
2023-04-04 09:26:00,,,,,,,,,,,,
2023-04-04 09:27:00,,,,,,,,,,,,
2023-04-04 09:28:00,,,,,,,,,,,,
2023-04-04 09:29:00,,,,,,,,,,,,
2023-04-04 09:30:00,,,,,,,,,,,,
2023-04-04 09:31:00,,,,,,,,,,,,
2023-04-04 09:32:00,,,,,,,,,,,,
2023-04-04 09:33:00,,,,,,,,,,,,
2023-04-04 09:34:00,,,,,,,,,,,,
2023-04-04 09:35:00,,,,,,,,,,,,
2023-04-04 09:36:00,,,,,,,,,,,,
2023-04-04 09:37:00,,,,,,,,,,,,
2023-04-04 09:38:00,,,,,,,,,,,,
2023-04-04 09:39:00,,,,,,,,,,,,
2023-04-04 09:40:00,,,,,,,,,,,,
2023-04-04 09:41:00,,,,,,,,,,,,
2023-04-04 09:42:00,,,,,,,,,,,,
2023-04-04 09:43:00,,,,,,,,,,,,
2023-04-04 09:44:00,,,,,,,,,,,,
2023-04-04 09:45:00,,,,,,,,,,,,
2023-04-04 09:46:00,,,,,,,,,,,,
2023-04-04 09:47:00,,,,,,,,,,,,
2023-04-04 09:48:00,,,,,,,,,,,,
2023-04-04 09:49:00,,,,,,,,,,,,
2023-04-04 09:50:00,,,,,,,,,,,,
2023-04-04 09:51:00,,,,,,,,,,,,
2023-04-04 09:52:00,,,,,,,,,,,,
2023-04-04 09:53:00,,,,,,,,,,,,
2023-04-04 09:54:00,,,,,,,,,,,,
2023-04-04 09:55:00,,,,,,,,,,,,
2023-04-04 09:56:00,,,,,,,,,,,,
2023-04-04 09:57:00,,,,,,,,,,,,
2023-04-04 09:58:00,,,,,,,,,,,,
2023-04-04 09:59:00,,,,,,,,,,,,
2023-04-04 10:00:00,,,,,,,,,,,,
2023-04-04 10:01:00,,,,,,,,,,,,
2023-04-04 10:02:00,,,,,,,,,,,,
2023-04-04 10:03:00,,,,,,,,,,,,
2023-04-04 10:04:00,,,,,,,,,,,,
2023-04-04 10:05:00,,,,,,,,,,,,
2023-04-04 10:06:00,,,,,,,,,,,,
2023-04-04 10:07:00,,,,,,,,,,,,
2023-04-04 10:08:00,,,,,,,,,,,,
2023-04-04 10:09:00,,,,,,,,,,,,
2023-04-04 10:10:00,,,,,,,,,,,,
2023-04-04 10:11:00,,,,,,,,,,,,
2023-04-04 10:12:00,,,,,,,,,,,,
2023-04-04 10:13:00,,,,,,,,,,,,
2023-04-04 10:14:00,,,,,,,,,,,,
2023-04-04 10:15:00,,,,,,,,,,,,
2023-04-04 10:16:00,,,,,,,,,,,,
2023-04-04 10:17:00,,,,,,,,,,,,
2023-04-04 10:18:00,,,,,,,,,,,,
2023-04-04 10:19:00,,,,,,,,,,,,
2023-04-04 10:20:00,,,,,,,,,,,,
2023-04-04 10:21:00,,,,,,,,,,,,
2023-04-04 10:22:00,,,,,,,,,,,,
2023-04-04 10:23:00,,,,,,,,,,,,
2023-04-04 10:24:00,,,,,,,,,,,,
2023-04-04 10:25:00,,,,,,,,,,,,
2023-04-04 10:26:00,,,,,,,,,,,,
2023-04-04 10:27:00,,,,,,,,,,,,
2023-04-04 10:28:00,,,,,,,,,,,,
2023-04-04 10:29:00,,,,,,,,,,,,
2023-04-04 10:30:00,,,,,,,,,,,,
2023-04-04 10:31:00,,,,,,,,,,,,
2023-04-04 10:32:00,,,,,,,,,,,,
2023-04-04 10:33:00,,,,,,,,,,,,
2023-04-04 10:34:00,,,,,,,,,,,,
2023-04-04 10:35:00,,,,,,,,,,,,
2023-04-04 10:36:00,,,,,,,,,,,,
2023-04-04 10:37:00,,,,,,,,,,,,
2023-04-04 10:38:00,,,,,,,,,,,,
2023-04-04 10:39:00,,,,,,,,,,,,
2023-04-04 10:40:00,,,,,,,,,,,,
2023-04-04 10:41:00,,,,,,,,,,,,
2023-04-04 10:42:00,,,,,,,,,,,,
2023-04-04 10:43:00,,,,,,,,,,,,
2023-04-04 10:44:00,,,,,,,,,,,,
2023-04-04 10:45:00,,,,,,,,,,,,
2023-04-04 10:46:00,,,,,,,,,,,,
2023-04-04 10:47:00,,,,,,,,,,,,
2023-04-04 10:48:00,,,,,,,,,,,,
2023-04-04 10:49:00,,,,,,,,,,,,
2023-04-04 10:50:00,,,,,,,,,,,,
2023-04-04 10:51:00,,,,,,,,,,,,
2023-04-04 10:52:00,,,,,,,,,,,,
2023-04-04 10:53:00,,,,,,,,,,,,
2023-04-04 10:54:00,,,,,,,,,,,,
2023-04-04 10:55:00,,,,,,,,,,,,
2023-04-04 10:56:00,,,,,,,,,,,,
2023-04-04 10:57:00,,,,,,,,,,,,
2023-04-04 10:58:00,,,,,,,,,,,,
2023-04-04 10:59:00,,,,,,,,,,,,
2023-04-04 11:00:00,,,,,,,,,,,,
2023-04-04 11:01:00,,,,,,,,,,,,
2023-04-04 11:02:00,,,,,,,,,,,,
2023-04-04 11:03:00,,,,,,,,,,,,
2023-04-04 11:04:00,,,,,,,,,,,,
2023-04-04 11:05:00,,,,,,,,,,,,
2023-04-04 11:06:00,,,,,,,,,,,,
2023-04-04 11:07:00,,,,,,,,,,,,
2023-04-04 11:08:00,,,,,,,,,,,,
2023-04-04 11:09:00,,,,,,,,,,,,
2023-04-04 11:10:00,,,,,,,,,,,,
2023-04-04 11:11:00,,,,,,,,,,,,
2023-04-04 11:12:00,,,,,,,,,,,,
2023-04-04 11:13:00,,,,,,,,,,,,
2023-04-04 11:14:00,,,,,,,,,,,,
2023-04-04 11:15:00,,,,,,,,,,,,
2023-04-04 11:16:00,,,,,,,,,,,,
2023-04-04 11:17:00,,,,,,,,,,,,
2023-04-04 11:18:00,,,,,,,,,,,,
2023-04-04 11:19:00,,,,,,,,,,,,
2023-04-04 11:20:00,,,,,,,,,,,,
2023-04-04 11:21:00,,,,,,,,,,,,
2023-04-04 11:22:00,,,,,,,,,,,,
2023-04-04 11:23:00,,,,,,,,,,,,
2023-04-04 11:24:00,,,,,,,,,,,,
2023-04-04 11:25:00,,,,,,,,,,,,
2023-04-04 11:26:00,,,,,,,,,,,,
2023-04-04 11:27:00,,,,,,,,,,,,
2023-04-04 11:28:00,,,,,,,,,,,,
2023-04-04 11:29:00,,,,,,,,,,,,
2023-04-04 11:30:00,,,,,,,,,,,,
2023-04-04 11:31:00,,,,,,,,,,,,
2023-04-04 11:32:00,,,,,,,,,,,,
2023-04-04 11:33:00,,,,,,,,,,,,
2023-04-04 11:34:00,,,,,,,,,,,,
2023-04-04 11:35:00,,,,,,,,,,,,
2023-04-04 11:36:00,,,,,,,,,,,,
2023-04-04 11:37:00,,,,,,,,,,,,
2023-04-04 11:38:00,,,,,,,,,,,,
2023-04-04 11:39:00,,,,,,,,,,,,
2023-04-04 11:40:00,,,,,,,,,,,,
2023-04-04 11:41:00,,,,,,,,,,,,
2023-04-04 11:42:00,,,,,,,,,,,,
2023-04-04 11:43:00,,,,,,,,,,,,
2023-04-04 11:44:00,,,,,,,,,,,,
2023-04-04 11:45:00,,,,,,,,,,,,
2023-04-04 11:46:00,,,,,,,,,,,,
2023-04-04 11:47:00,,,,,,,,,,,,
2023-04-04 11:48:00,,,,,,,,,,,,
2023-04-04 11:49:00,,,,,,,,,,,,
2023-04-04 11:50:00,,,,,,,,,,,,
2023-04-04 11:51:00,,,,,,,,,,,,
2023-04-04 11:52:00,,,,,,,,,,,,
2023-04-04 11:53:00,,,,,,,,,,,,
2023-04-04 11:54:00,,,,,,,,,,,,
2023-04-04 11:55:00,,,,,,,,,,,,
2023-04-04 11:56:00,,,,,,,,,,,,
2023-04-04 11:57:00,,,,,,,,,,,,
2023-04-04 11:58:00,,,,,,,,,,,,
2023-04-04 11:59:00,,,,,,,,,,,,
2023-04-04 12:00:00,,,,,,,,,,,,
2023-04-04 12:01:00,,,,,,,,,,,,
2023-04-04 12:02:00,,,,,,,,,,,,
2023-04-04 12:03:00,,,,,,,,,,,,
2023-04-04 12:04:00,,,,,,,,,,,,
2023-04-04 12:05:00,,,,,,,,,,,,
2023-04-04 12:06:00,,,,,,,,,,,,
2023-04-04 12:07:00,,,,,,,,,,,,
2023-04-04 12:08:00,,,,,,,,,,,,
2023-04-04 12:09:00,,,,,,,,,,,,
2023-04-04 12:10:00,,,,,,,,,,,,
2023-04-04 12:11:00,,,,,,,,,,,,
2023-04-04 12:12:00,,,,,,,,,,,,
2023-04-04 12:13:00,,,,,,,,,,,,
2023-04-04 12:14:00,,,,,,,,,,,,
2023-04-04 12:15:00,,,,,,,,,,,,
2023-04-04 12:16:00,,,,,,,,,,,,
2023-04-04 12:17:00,,,,,,,,,,,,
2023-04-04 12:18:00,,,,,,,,,,,,
2023-04-04 12:19:00,,,,,,,,,,,,
2023-04-04 12:20:00,,,,,,,,,,,,
2023-04-04 12:21:00,,,,,,,,,,,,
2023-04-04 12:22:00,,,,,,,,,,,,
2023-04-04 12:23:00,,,,,,,,,,,,
2023-04-04 12:24:00,,,,,,,,,,,,
2023-04-04 12:25:00,,,,,,,,,,,,
2023-04-04 12:26:00,,,,,,,,,,,,
2023-04-04 12:27:00,,,,,,,,,,,,
2023-04-04 12:28:00,,,,,,,,,,,,
2023-04-04 12:29:00,,,,,,,,,,,,
2023-04-04 12:30:00,,,,,,,,,,,,
2023-04-04 12:31:00,,,,,,,,,,,,
2023-04-04 12:32:00,,,,,,,,,,,,
2023-04-04 12:33:00,,,,,,,,,,,,
2023-04-04 12:34:00,,,,,,,,,,,,
2023-04-04 12:35:00,,,,,,,,,,,,
2023-04-04 12:36:00,,,,,,,,,,,,
2023-04-04 12:37:00,,,,,,,,,,,,
2023-04-04 12:38:00,,,,,,,,,,,,
2023-04-04 12:39:00,,,,,,,,,,,,
2023-04-04 12:40:00,,,,,,,,,,,,
2023-04-04 12:41:00,,,,,,,,,,,,
2023-04-04 12:42:00,,,,,,,,,,,,
2023-04-04 12:43:00,,,,,,,,,,,,
2023-04-04 12:44:00,,,,,,,,,,,,
2023-04-04 12:45:00,,,,,,,,,,,,
2023-04-04 12:46:00,,,,,,,,,,,,
2023-04-04 12:47:00,,,,,,,,,,,,
2023-04-04 12:48:00,,,,,,,,,,,,
2023-04-04 12:49:00,,,,,,,,,,,,
2023-04-04 12:50:00,,,,,,,,,,,,
2023-04-04 12:51:00,,,,,,,,,,,,
2023-04-04 12:52:00,,,,,,,,,,,,
2023-04-04 12:53:00,,,,,,,,,,,,
2023-04-04 12:54:00,,,,,,,,,,,,
2023-04-04 12:55:00,,,,,,,,,,,,
2023-04-04 12:56:00,,,,,,,,,,,,
2023-04-04 12:57:00,,,,,,,,,,,,
2023-04-04 12:58:00,,,,,,,,,,,,
2023-04-04 12:59:00,29.94,29.86,29.75,29.78,30.26,30.09,29.93,30.38,29.3,29.69,29.25,29.8
2023-04-04 13:00:00,29.990000000000002,29.905,29.905,29.815,30.270000000000003,30.095,29.97,30.305,29.37,29.65,29.305,29.745
2023-04-04 13:01:00,30.02,29.86,29.799999999999997,29.775,30.14,29.880000000000003,29.835,30.055,29.200000000000003,29.53,29.16,29.73
2023-04-04 13:02:00,29.75,29.705,29.665,29.555,29.865000000000002,29.575000000000003,29.5,29.66,28.875,29.310000000000002,29.03,29.445
2023-04-04 13:03:00,29.64,29.485,29.39,29.369999999999997,29.564999999999998,29.295,29.195,29.425,28.625,28.87,28.64,29.145
2023-04-04 13:04:00,29.22,29.09,28.88,28.759999999999998,28.995,28.82,28.735,28.92,28.354999999999997,28.705,28.455,28.935000000000002
2023-04-04 13:05:00,28.91,28.675,28.435000000000002,28.29,28.345,28.135,28.115000000000002,28.465,27.88,28.075,27.91,28.32
2023-04-04 13:06:00,28.465,28.285,27.95,27.814999999999998,27.985,27.884999999999998,27.9,28.3,27.655,27.695,27.619999999999997,28.17
2023-04-04 13:07:00,28.005,27.740000000000002,27.385,27.314999999999998,27.36,27.425,27.435000000000002,27.85,27.55,27.875,27.564999999999998,27.785
2023-04-04 13:08:00,27.880000000000003,27.435000000000002,27.075000000000003,27.095,27.08,27.03,26.97,27.355,27.14,27.625,26.990000000000002,27.155
2023-04-04 13:09:00,27.66,27.325000000000003,26.96,27.015,26.95,27.055,26.975,27.27,26.759999999999998,27.1,26.69,27.009999999999998
2023-04-04 13:10:00,27.575000000000003,27.17,26.9,27.0,26.93,26.939999999999998,26.990000000000002,27.29,26.490000000000002,26.82,26.5,26.869999999999997
2023-04-04 13:11:00,27.515,27.115000000000002,26.96,26.93,26.935,26.955,26.945,27.35,26.759999999999998,27.225,26.700000000000003,27.03
2023-04-04 13:12:00,27.45,27.135,26.985,27.045,26.98,26.994999999999997,27.055,27.525,26.845,27.064999999999998,26.765,27.185000000000002
2023-04-04 13:13:00,27.455,27.1,26.955,26.97,27.07,27.12,27.189999999999998,27.685000000000002,27.11,27.46,27.055,27.445
2023-04-04 13:14:00,27.384999999999998,27.08,26.915,26.87,26.97,26.979999999999997,27.205,27.59,27.415,27.88,27.28,27.555
2023-04-04 13:15:00,27.575,27.185000000000002,27.009999999999998,26.93,27.045,27.045,27.105,27.45,26.825000000000003,27.27,26.865000000000002,27.115000000000002
2023-04-04 13:16:00,27.475,27.085,26.965,26.965,27.065,26.990000000000002,27.130000000000003,27.68,27.17,27.32,27.08,27.4
2023-04-04 13:17:00,27.285,26.93,26.82,27.045,27.16,27.395,27.535,28.15,27.759999999999998,27.955,27.625,27.909999999999997
2023-04-04 13:18:00,27.47,27.16,27.05,27.299999999999997,27.689999999999998,27.884999999999998,28.08,28.565,28.3,28.545,28.17,28.535
2023-04-04 13:19:00,28.0,27.744999999999997,27.655,27.985,28.22,28.345,28.545,29.015,28.6,29.06,28.505000000000003,28.884999999999998
2023-04-04 13:20:00,28.729999999999997,28.39,28.43,28.455,28.78,28.735,28.740000000000002,29.04,28.4,28.795,28.424999999999997,28.845
2023-04-04 13:21:00,28.79,28.455,28.535,28.57,28.8,28.775,28.84,29.11,28.525,28.689999999999998,28.545,28.915
2023-04-04 13:22:00,28.45,28.18,28.22,28.315,28.505,28.555,28.655,28.965,28.495,28.71,28.5,28.765
2023-04-04 13:23:00,28.885,28.565,28.53,28.630000000000003,28.770000000000003,28.685000000000002,28.549999999999997,28.799999999999997,28.064999999999998,28.15,28.095,28.47
2023-04-04 13:24:00,29.205,28.884999999999998,28.91,28.810000000000002,29.02,28.915,28.865000000000002,29.009999999999998,28.18,28.235,28.285,28.655
2023-04-04 13:25:00,29.39,29.06,29.075,29.045,29.195,29.095,29.065,29.18,28.384999999999998,28.369999999999997,28.355,28.825
2023-04-04 13:26:00,29.52,29.3,29.27,29.21,29.425,29.31,29.255000000000003,29.4,28.6,28.775,28.619999999999997,29.015
2023-04-04 13:27:00,29.869999999999997,29.605,29.619999999999997,29.555,29.785,29.615000000000002,29.535,29.700000000000003,28.905,29.205,29.0,29.335
2023-04-04 13:28:00,30.03,29.86,29.835,29.855,29.939999999999998,29.865,29.84,29.895,29.119999999999997,29.375,29.21,29.66
2023-04-04 13:29:00,30.09,29.955,29.935000000000002,29.86,30.04,29.93,29.905,30.060000000000002,29.27,29.630000000000003,29.32,29.675
2023-04-04 13:30:00,30.08,30.0,30.009999999999998,29.939999999999998,30.064999999999998,29.98,29.990000000000002,30.125,29.405,29.615,29.39,29.705
2023-04-04 13:31:00,30.104999999999997,29.979999999999997,29.945,29.975,30.03,29.905,29.915,30.125,29.369999999999997,29.62,29.424999999999997,29.689999999999998
2023-04-04 13:32:00,30.145,30.07,30.020000000000003,29.985,30.104999999999997,29.995,29.91,30.134999999999998,29.415,29.69,29.39,29.765
2023-04-04 13:33:00,30.04,29.95,29.955,29.88,29.925,29.91,29.884999999999998,30.09,29.310000000000002,29.575,29.35,29.625
2023-04-04 13:34:00,30.18,30.04,30.055,30.04,30.104999999999997,30.07,30.025,30.205,29.47,29.79,29.49,29.79
2023-04-04 13:35:00,30.175,30.229999999999997,30.075,30.055,30.119999999999997,30.075,30.045,30.16,29.5,29.79,29.51,29.805
2023-04-04 13:36:00,30.225,30.21,30.159999999999997,30.025,30.18,30.13,30.105,30.265,29.53,29.81,29.565,29.825
2023-04-04 13:37:00,30.02,29.880000000000003,29.75,29.52,29.615000000000002,29.665,29.634999999999998,29.915,29.380000000000003,29.59,29.450000000000003,29.535
2023-04-04 13:38:00,29.485,29.375,29.229999999999997,29.165,29.14,29.13,29.1,29.27,28.744999999999997,28.62,28.759999999999998,28.78
2023-04-04 13:39:00,29.6,29.405,29.21,28.990000000000002,29.005,28.89,28.835,28.950000000000003,28.29,27.994999999999997,28.325000000000003,28.485
2023-04-04 13:40:00,29.335,29.035,28.765,28.634999999999998,28.645000000000003,28.765,28.814999999999998,28.905,28.41,28.165,28.445,28.61
2023-04-04 13:41:00,28.725,28.39,28.105,28.17,28.175,28.314999999999998,28.445,28.755,28.259999999999998,28.299999999999997,28.27,28.325000000000003
2023-04-04 13:42:00,28.564999999999998,28.205,27.86,28.02,27.924999999999997,27.865000000000002,27.895,28.075,27.585,27.345,27.57,27.7
2023-04-04 13:43:00,28.57,28.255000000000003,27.939999999999998,28.005000000000003,28.045,28.055,28.095,28.285,27.71,27.695,27.72,27.925
2023-04-04 13:44:00,28.755000000000003,28.36,28.1,27.9,27.939999999999998,27.785,27.759999999999998,28.015,27.305,27.05,27.255000000000003,27.485
2023-04-04 13:45:00,29.005,28.535,28.235,28.2,28.075,28.0,27.9,28.085,27.240000000000002,26.875,27.175,27.575
2023-04-04 13:46:00,29.625,29.265,28.875,28.745,28.799999999999997,28.534999999999997,28.3,28.384999999999998,27.315,27.134999999999998,27.354999999999997,27.83
2023-04-04 13:47:00,29.415,28.985,28.705,28.615,28.65,28.51,28.44,28.45,27.525,27.534999999999997,27.56,27.845
2023-04-04 13:48:00,29.07,28.520000000000003,28.22,28.32,28.285,28.125,28.33,28.439999999999998,27.745,27.82,27.740000000000002,28.085
2023-04-04 13:49:00,29.105,28.630000000000003,28.365000000000002,28.439999999999998,28.37,28.259999999999998,28.265,28.560000000000002,27.845,27.97,27.955,28.27
2023-04-04 13:50:00,29.605,29.225,29.04,29.04,29.03,28.91,28.845,28.994999999999997,27.905,27.89,28.12,28.605
2023-04-04 13:51:00,29.869999999999997,29.585,29.485,29.375,29.41,29.265,29.22,29.355,28.33,28.235,28.369999999999997,28.895
2023-04-04 13:52:00,29.98,29.77,29.64,29.634999999999998,29.705,29.53,29.49,29.67,28.869999999999997,28.765,28.87,29.255000000000003
2023-04-04 13:53:00,30.14,30.03,29.935,29.865000000000002,30.064999999999998,29.9,29.869999999999997,30.075,29.195,29.345,29.285,29.68
2023-04-04 13:54:00,30.36,30.215,30.105,30.130000000000003,30.295,30.11,30.065,30.244999999999997,29.41,29.605,29.5,29.875
2023-04-04 13:55:00,30.265,30.25,30.175,30.11,30.27,30.125,30.09,30.295,29.445,29.69,29.494999999999997,29.83
2023-04-04 13:56:00,30.09,29.945,29.7,29.575000000000003,29.65,29.535,29.509999999999998,29.689999999999998,28.83,28.799999999999997,28.86,29.08
2023-04-04 13:57:00,30.25,30.075,29.840000000000003,29.615000000000002,29.695,29.490000000000002,29.37,29.5,28.740000000000002,28.494999999999997,28.67,29.055
2023-04-04 13:58:00,30.35,30.185,30.1,29.869999999999997,30.015,29.775,29.740000000000002,29.785,29.055,29.005000000000003,29.09,29.445
2023-04-04 13:59:00,30.509999999999998,30.32,30.275,30.119999999999997,30.235,30.085,30.0,30.1,29.47,29.41,29.45,29.83
