tiempo,To,RH,P,Ws,Wd,Ig,Ib,Id
2012-01-01 00:00:00,19.3,58,87415,0.0,26,0,0,0
2012-01-01 01:00:00,18.6,59,87602,0.0,26,0,0,0
2012-01-01 02:00:00,17.9,61,87788,0.0,30,0,0,0
2012-01-01 03:00:00,17.3,66,87554,0.0,30,0,0,0
2012-01-01 04:00:00,16.6,71,87321,0.0,27,0,0,0
2012-01-01 05:00:00,15.9,76,87087,0.0,26,0,0,0
2012-01-01 06:00:00,17.0,72,87096,0.0,27,0,0,0
2012-01-01 07:00:00,18.0,70,87140,0.0,34,20,151,11
2012-01-01 08:00:00,19.0,68,87185,0.0,61,164,522,37
2012-01-01 09:00:00,20.0,60,87229,0.0,95,369,812,58
2012-01-01 10:00:00,20.0,64,87229,1.0,108,568,931,68
2012-01-01 11:00:00,20.0,68,87229,2.1,160,717,981,75
2012-01-01 12:00:00,21.0,60,87273,1.8,135,800,999,79
2012-01-01 13:00:00,22.0,53,87316,1.5,160,810,998,80
2012-01-01 14:00:00,21.7,53,87302,1.3,164,747,977,79
2012-01-01 15:00:00,21.3,53,87287,1.2,176,617,932,74
2012-01-01 16:00:00,21.0,53,87273,1.0,140,433,846,65
2012-01-01 17:00:00,19.0,64,87185,0.0,198,219,650,46
2012-01-01 18:00:00,17.1,69,87104,0.0,221,0,0,0
2012-01-01 19:00:00,17.0,69,87101,0.0,269,0,0,0
2012-01-01 20:00:00,17.3,67,87115,0.0,50,0,0,0
2012-01-01 21:00:00,17.0,56,87080,0.2,85,0,0,0
2012-01-01 22:00:00,16.6,49,87089,0.5,89,0,0,0
2012-01-01 23:00:00,15.9,44,87143,0.8,93,0,0,0
2012-01-02 00:00:00,15.1,40,87190,1.0,91,0,0,0
2012-01-02 01:00:00,14.7,44,87280,1.0,78,0,0,0
2012-01-02 02:00:00,14.2,47,87319,1.0,330,0,0,0
2012-01-02 03:00:00,14.2,49,87237,0.8,69,0,0,0
2012-01-02 04:00:00,14.9,51,87179,0.5,67,0,0,0
2012-01-02 05:00:00,16.1,51,87147,0.2,360,0,0,0
2012-01-02 06:00:00,15.0,55,87006,0.0,71,0,0,0
2012-01-02 07:00:00,17.0,52,87095,0.0,66,14,42,11
2012-01-02 08:00:00,19.0,49,87185,0.0,79,148,399,44
2012-01-02 09:00:00,23.0,36,87360,2.1,160,347,679,68
2012-01-02 10:00:00,23.5,35,87381,1.5,171,551,882,78
2012-01-02 11:00:00,24.0,34,87403,1.0,130,699,937,86
2012-01-02 12:00:00,25.5,30,87466,1.0,191,783,959,90
2012-01-02 13:00:00,27.0,26,87530,1.0,150,795,958,93
2012-01-02 14:00:00,27.0,24,87530,1.0,205,681,768,157
2012-01-02 15:00:00,27.0,23,87530,1.0,150,553,712,154
2012-01-02 16:00:00,26.0,26,87488,0.0,212,423,778,82
2012-01-02 17:00:00,25.0,30,87445,0.0,216,213,566,58
2012-01-02 18:00:00,19.4,45,86992,0.4,229,0,0,0
2012-01-02 19:00:00,18.4,47,86893,0.5,239,0,0,0
2012-01-02 20:00:00,17.5,49,86811,0.6,320,0,0,0
2012-01-02 21:00:00,15.9,53,87027,0.6,244,0,0,0
2012-01-02 22:00:00,14.3,56,87121,0.9,247,0,0,0
2012-01-02 23:00:00,12.6,60,87290,1.0,340,0,0,0
2012-01-03 00:00:00,11.1,65,87531,1.0,259,0,0,0
2012-01-03 01:00:00,10.4,67,87562,1.0,272,0,0,0
2012-01-03 02:00:00,10.0,70,87587,1.0,320,0,0,0
2012-01-03 03:00:00,10.6,69,87426,0.8,297,0,0,0
2012-01-03 04:00:00,12.3,64,87306,0.5,331,0,0,0
2012-01-03 05:00:00,14.6,57,87203,0.2,360,0,0,0
2012-01-03 06:00:00,13.0,67,86915,0.0,85,0,0,0
2012-01-03 07:00:00,17.0,52,87096,0.0,82,18,122,11
2012-01-03 08:00:00,19.0,46,87185,0.0,144,107,194,67
2012-01-03 09:00:00,21.0,38,87273,0.0,207,352,740,66
2012-01-03 10:00:00,22.0,35,87316,2.1,170,485,610,167
2012-01-03 11:00:00,22.0,33,87316,0.0,213,605,558,235
2012-01-03 12:00:00,22.0,33,87316,0.0,215,663,512,292
2012-01-03 13:00:00,23.0,33,87360,0.0,218,668,499,301
2012-01-03 14:00:00,23.0,33,87360,0.0,221,605,455,288
2012-01-03 15:00:00,24.0,34,87403,0.0,226,573,754,139
2012-01-03 16:00:00,23.0,38,87360,0.0,232,329,359,140
2012-01-03 17:00:00,21.0,46,87273,0.0,232,186,442,81
2012-01-03 18:00:00,17.7,54,87235,0.7,233,0,0,0
2012-01-03 19:00:00,17.1,55,87235,0.8,249,0,0,0
2012-01-03 20:00:00,16.6,55,87258,0.9,326,0,0,0
2012-01-03 21:00:00,16.2,54,87303,1.0,354,0,0,0
2012-01-03 22:00:00,15.8,53,87373,1.0,2,0,0,0
2012-01-03 23:00:00,15.4,52,87445,1.0,210,0,0,0
2012-01-04 00:00:00,15.0,52,87464,0.9,29,0,0,0
2012-01-04 01:00:00,14.8,53,87436,0.8,39,0,0,0
2012-01-04 02:00:00,15.1,52,87367,0.6,360,0,0,0
2012-01-04 03:00:00,15.5,52,87246,0.4,41,0,0,0
2012-01-04 04:00:00,16.1,52,87167,0.2,32,0,0,0
2012-01-04 05:00:00,17.4,48,87150,0.1,360,0,0,0
2012-01-04 06:00:00,16.0,55,87051,0.0,22,0,0,0
2012-01-04 07:00:00,17.0,52,87096,0.0,19,14,64,10
2012-01-04 08:00:00,20.0,40,87229,0.0,22,127,276,59
2012-01-04 09:00:00,21.0,35,87273,0.0,55,285,394,129
2012-01-04 10:00:00,23.0,31,87360,0.0,88,446,440,200
2012-01-04 11:00:00,23.0,31,87360,3.1,140,571,461,268
2012-01-04 12:00:00,22.0,33,87316,2.1,170,609,379,335
2012-01-04 13:00:00,24.0,29,87403,2.1,180,642,431,324
2012-01-04 14:00:00,23.0,31,87360,0.0,137,648,595,242
2012-01-04 15:00:00,22.0,33,87316,0.0,138,546,628,182
2012-01-04 16:00:00,22.0,35,87316,0.0,136,376,562,142
2012-01-04 17:00:00,21.0,40,87273,0.0,135,182,375,87
2012-01-04 18:00:00,17.1,43,87291,0.6,117,0,0,0
2012-01-04 19:00:00,15.6,46,87333,0.9,93,0,0,0
2012-01-04 20:00:00,14.5,50,87374,1.0,250,0,0,0
2012-01-04 21:00:00,14.6,51,87342,1.0,49,0,0,0
2012-01-04 22:00:00,14.9,52,87346,1.0,40,0,0,0
2012-01-04 23:00:00,15.4,52,87385,1.0,33,0,0,0
2012-01-05 00:00:00,15.8,51,87412,1.0,27,0,0,0
2012-01-05 01:00:00,15.2,52,87499,1.0,26,0,0,0
2012-01-05 02:00:00,14.4,52,87536,1.0,360,0,0,0
2012-01-05 03:00:00,14.4,53,87411,0.8,22,0,0,0
2012-01-05 04:00:00,15.0,53,87299,0.5,14,0,0,0
2012-01-05 05:00:00,16.5,49,87224,0.2,360,0,0,0
2012-01-05 06:00:00,16.0,55,87051,0.0,10,0,0,0
2012-01-05 07:00:00,17.0,52,87096,0.0,11,14,71,10
2012-01-05 08:00:00,20.0,40,87229,0.0,17,125,268,60
2012-01-05 09:00:00,21.0,35,87273,0.0,35,292,431,127
2012-01-05 10:00:00,23.0,31,87360,0.0,62,422,376,228
2012-01-05 11:00:00,23.0,31,87360,3.1,140,573,468,262
2012-01-05 12:00:00,22.0,33,87316,2.1,170,497,268,308
2012-01-05 13:00:00,24.0,29,87403,2.1,180,465,175,336
2012-01-05 14:00:00,23.0,31,87360,0.0,116,250,16,239
2012-01-05 15:00:00,22.0,33,87316,0.0,108,304,106,243
2012-01-05 16:00:00,22.0,35,87316,0.0,93,159,70,118
2012-01-05 17:00:00,21.0,40,87273,0.0,79,50,3,49
2012-01-05 18:00:00,20.0,40,87229,0.0,64,0,0,0
2012-01-05 19:00:00,17.9,43,87271,0.5,55,0,0,0
2012-01-05 20:00:00,15.8,45,87313,1.0,250,0,0,0
2012-01-05 21:00:00,14.9,48,87353,1.0,40,0,0,0
2012-01-05 22:00:00,14.0,52,87394,1.0,37,0,0,0
2012-01-05 23:00:00,13.2,56,87435,1.0,34,0,0,0
2012-01-06 00:00:00,12.3,59,87475,1.0,39,0,0,0
2012-01-06 01:00:00,11.4,64,87516,1.0,40,0,0,0
2012-01-06 02:00:00,10.5,68,87557,1.0,320,0,0,0
2012-01-06 03:00:00,10.1,69,87577,1.0,41,0,0,0
2012-01-06 04:00:00,9.8,71,87596,1.0,42,0,0,0
2012-01-06 05:00:00,9.4,72,87616,1.0,360,0,0,0
2012-01-06 06:00:00,13.0,67,86915,0.0,39,0,0,0
2012-01-06 07:00:00,17.0,52,87096,0.0,35,18,157,10
2012-01-06 08:00:00,19.0,46,87185,0.0,39,142,401,45
2012-01-06 09:00:00,21.0,38,87273,0.0,60,331,639,78
2012-01-06 10:00:00,22.0,35,87316,2.1,170,449,450,204
2012-01-06 11:00:00,22.0,33,87316,0.0,97,592,518,250
2012-01-06 12:00:00,22.0,33,87316,0.0,108,613,388,334
2012-01-06 13:00:00,23.0,33,87360,0.0,117,501,185,364
2012-01-06 14:00:00,23.0,33,87360,0.0,124,503,227,344
2012-01-06 15:00:00,24.0,34,87403,0.0,126,496,473,227
2012-01-06 16:00:00,23.0,38,87360,0.0,127,283,186,201
2012-01-06 17:00:00,21.0,46,87273,0.0,128,182,443,85
2012-01-06 18:00:00,20.2,48,87264,0.2,122,0,0,0
2012-01-06 19:00:00,19.3,50,87255,0.3,110,0,0,0
2012-01-06 20:00:00,18.5,53,87246,0.5,86,0,0,0
2012-01-06 21:00:00,17.7,55,87237,0.7,63,0,0,0
2012-01-06 22:00:00,16.8,58,87228,0.8,47,0,0,0
2012-01-06 23:00:00,16.0,61,87219,1.0,210,0,0,0
2012-01-07 00:00:00,14.8,65,87294,1.0,29,0,0,0
2012-01-07 01:00:00,13.7,70,87369,1.0,24,0,0,0
2012-01-07 02:00:00,12.5,75,87445,1.0,360,0,0,0
2012-01-07 03:00:00,12.3,74,87443,1.0,21,0,0,0
2012-01-07 04:00:00,12.2,74,87441,1.0,21,0,0,0
2012-01-07 05:00:00,12.0,73,87439,1.0,330,0,0,0
2012-01-07 06:00:00,14.0,72,86960,2.1,310,0,0,0
2012-01-07 07:00:00,16.0,63,87051,2.1,300,12,42,10
2012-01-07 08:00:00,19.0,56,87185,0.0,27,123,257,59
2012-01-07 09:00:00,21.0,46,87273,0.0,41,278,365,137
2012-01-07 10:00:00,22.0,41,87316,2.1,200,510,688,126
2012-01-07 11:00:00,23.0,36,87359,1.0,74,678,827,119
2012-01-07 12:00:00,24.0,31,87403,0.0,92,799,982,86
2012-01-07 13:00:00,26.0,28,87488,0.0,102,814,984,86
2012-01-07 14:00:00,24.0,36,87416,2.0,10,755,966,85
2012-01-07 15:00:00,25.0,30,87452,1.0,110,629,926,79
2012-01-07 16:00:00,26.0,26,87488,0.0,113,447,844,68
2012-01-07 17:00:00,24.8,30,87217,1.0,180,232,653,50
2012-01-07 18:00:00,21.0,43,87273,0.0,118,0,0,0
2012-01-07 19:00:00,20.1,39,87171,0.5,74,0,0,0
2012-01-07 20:00:00,19.2,35,87069,1.0,230,0,0,0
2012-01-07 21:00:00,18.5,36,87048,1.0,34,0,0,0
2012-01-07 22:00:00,17.9,36,87027,1.0,31,0,0,0
2012-01-07 23:00:00,17.2,37,87006,1.0,360,0,0,0
2012-01-08 00:00:00,16.4,40,87095,1.0,29,0,0,0
2012-01-08 01:00:00,15.6,43,87183,1.0,30,0,0,0
2012-01-08 02:00:00,14.8,46,87272,1.0,31,0,0,0
2012-01-08 03:00:00,13.9,49,87361,1.0,31,0,0,0
2012-01-08 04:00:00,13.1,53,87450,1.0,32,0,0,0
2012-01-08 05:00:00,12.3,56,87538,1.0,250,0,0,0
2012-01-08 06:00:00,12.0,67,86868,0.0,36,0,0,0
2012-01-08 07:00:00,17.0,34,87096,0.0,35,12,28,10
2012-01-08 08:00:00,14.0,58,87737,1.0,270,117,218,63
2012-01-08 09:00:00,19.0,43,87185,2.1,200,277,362,136
2012-01-08 10:00:00,22.0,35,87316,2.1,110,451,464,207
2012-01-08 11:00:00,22.0,31,87316,2.6,160,613,606,212
2012-01-08 12:00:00,24.0,29,87403,2.1,107,709,653,240
2012-01-08 13:00:00,22.9,31,87392,1.5,127,683,520,297
2012-01-08 14:00:00,21.8,34,87381,1.0,10,607,461,288
2012-01-08 15:00:00,24.0,27,87403,3.1,200,511,500,223
2012-01-08 16:00:00,24.0,27,87403,3.1,100,368,456,155
2012-01-08 17:00:00,23.0,29,87360,2.8,159,170,215,90
2012-01-08 18:00:00,23.0,29,87360,2.5,159,0,0,0
2012-01-08 19:00:00,19.8,35,87193,2.3,147,0,0,0
2012-01-08 20:00:00,16.5,44,87026,2.0,10,0,0,0
2012-01-08 21:00:00,15.3,48,87046,1.7,94,0,0,0
2012-01-08 22:00:00,14.1,53,87066,1.3,55,0,0,0
2012-01-08 23:00:00,12.9,58,87086,1.0,260,0,0,0
2012-01-09 00:00:00,12.9,58,87245,1.3,27,0,0,0
2012-01-09 01:00:00,13.0,57,87403,1.7,32,0,0,0
2012-01-09 02:00:00,13.0,57,87562,2.0,240,0,0,0
2012-01-09 03:00:00,12.2,60,87520,1.7,32,0,0,0
2012-01-09 04:00:00,11.3,64,87479,1.3,29,0,0,0
2012-01-09 05:00:00,10.5,68,87437,1.0,360,0,0,0
2012-01-09 06:00:00,11.2,70,87153,0.5,20,0,0,0
2012-01-09 07:00:00,12.0,71,86868,0.0,24,16,124,10
2012-01-09 08:00:00,17.0,52,87096,0.0,41,152,471,38
2012-01-09 09:00:00,21.0,38,87273,0.0,75,348,739,65
2012-01-09 10:00:00,19.6,41,87411,1.0,96,544,858,82
2012-01-09 11:00:00,18.2,44,87549,2.0,180,598,575,232
2012-01-09 12:00:00,21.1,36,87476,1.0,121,616,397,328
2012-01-09 13:00:00,24.0,29,87403,0.0,129,628,388,340
2012-01-09 14:00:00,22.5,36,87299,2.0,180,664,669,206
2012-01-09 15:00:00,23.2,32,87351,1.0,139,583,756,140
2012-01-09 16:00:00,24.0,29,87403,0.0,137,439,786,81
2012-01-09 17:00:00,22.8,37,87131,1.0,200,228,591,59
2012-01-09 18:00:00,19.0,46,87185,0.0,118,0,0,0
2012-01-09 19:00:00,18.1,48,87072,0.5,99,0,0,0
2012-01-09 20:00:00,17.3,50,86959,1.0,340,0,0,0
2012-01-09 21:00:00,17.1,46,86951,1.0,89,0,0,0
2012-01-09 22:00:00,17.0,42,86944,1.0,65,0,0,0
2012-01-09 23:00:00,16.8,39,86937,1.0,360,0,0,0
2012-01-10 00:00:00,16.4,42,87080,1.0,16,0,0,0
2012-01-10 01:00:00,15.9,46,87224,1.0,10,0,0,0
2012-01-10 02:00:00,15.5,50,87368,1.0,270,0,0,0
2012-01-10 03:00:00,15.4,52,87277,0.8,10,0,0,0
2012-01-10 04:00:00,15.2,54,87187,0.5,13,0,0,0
2012-01-10 05:00:00,15.1,57,87096,0.2,16,0,0,0
2012-01-10 06:00:00,15.0,59,87006,0.0,15,0,0,0
2012-01-10 07:00:00,19.0,46,87185,0.0,18,16,116,10
2012-01-10 08:00:00,20.0,40,87229,2.1,200,151,469,39
2012-01-10 09:00:00,22.0,35,87316,0.0,93,349,746,63
2012-01-10 10:00:00,24.0,31,87403,0.0,115,548,876,75
2012-01-10 11:00:00,24.0,31,87403,4.1,170,701,940,81
2012-01-10 12:00:00,25.0,30,87445,1.5,210,790,963,86
2012-01-10 13:00:00,26.0,28,87488,0.0,149,807,964,89
2012-01-10 14:00:00,27.0,24,87530,0.0,158,750,946,88
2012-01-10 15:00:00,26.0,28,87488,2.6,210,626,903,83
2012-01-10 16:00:00,24.0,31,87403,2.1,240,445,810,75
2012-01-10 17:00:00,23.0,33,87360,0.0,162,232,609,56
2012-01-10 18:00:00,19.0,42,87389,0.0,144,0,0,0
2012-01-10 19:00:00,18.0,45,87251,0.0,123,0,0,0
2012-01-10 20:00:00,17.0,48,87113,0.2,104,0,0,0
2012-01-10 21:00:00,16.7,45,87081,0.3,89,0,0,0
2012-01-10 22:00:00,16.3,42,87049,0.4,76,0,0,0
2012-01-10 23:00:00,16.0,40,87017,0.5,62,0,0,0
2012-01-11 00:00:00,15.4,45,87137,0.5,57,0,0,0
2012-01-11 01:00:00,14.8,50,87256,0.6,61,0,0,0
2012-01-11 02:00:00,14.2,56,87375,0.7,54,0,0,0
2012-01-11 03:00:00,13.9,59,87260,0.5,49,0,0,0
2012-01-11 04:00:00,13.6,63,87145,0.3,50,0,0,0
2012-01-11 05:00:00,13.3,67,87030,0.2,46,0,0,0
2012-01-11 06:00:00,13.0,72,86915,0.0,36,0,0,0
2012-01-11 07:00:00,19.0,49,87185,0.0,25,17,149,9
2012-01-11 08:00:00,21.0,43,87273,0.0,30,157,512,35
2012-01-11 09:00:00,22.0,38,87316,3.1,150,361,795,58
2012-01-11 10:00:00,23.0,33,87360,2.6,160,564,917,70
2012-01-11 11:00:00,24.0,31,87403,2.1,180,721,975,77
2012-01-11 12:00:00,26.0,28,87488,2.6,180,812,999,81
2012-01-11 13:00:00,26.0,24,87488,0.0,184,830,1002,83
2012-01-11 14:00:00,27.0,21,87530,1.5,180,774,985,81
2012-01-11 15:00:00,27.0,21,87530,2.1,160,646,942,77
2012-01-11 16:00:00,26.0,21,87488,0.0,190,462,856,69
2012-01-11 17:00:00,24.0,25,87403,0.0,192,243,668,51
2012-01-11 18:00:00,21.9,30,87220,0.3,202,0,0,0
2012-01-11 19:00:00,19.8,37,87038,0.7,221,0,0,0
2012-01-11 20:00:00,17.7,44,86856,1.0,330,0,0,0
2012-01-11 21:00:00,17.3,44,86899,1.0,302,0,0,0
2012-01-11 22:00:00,16.9,45,86941,1.0,334,0,0,0
2012-01-11 23:00:00,16.5,45,86983,1.0,360,0,0,0
2012-01-12 00:00:00,15.7,46,87150,1.0,14,0,0,0
2012-01-12 01:00:00,14.9,47,87317,1.0,12,0,0,0
2012-01-12 02:00:00,14.1,48,87484,1.0,360,0,0,0
2012-01-12 03:00:00,13.6,50,87498,1.0,32,0,0,0
2012-01-12 04:00:00,13.1,51,87512,1.0,17,0,0,0
2012-01-12 05:00:00,12.6,53,87526,1.0,360,0,0,0
2012-01-12 06:00:00,15.0,51,87006,0.0,6,0,0,0
2012-01-12 07:00:00,20.0,40,87229,0.0,12,16,134,9
2012-01-12 08:00:00,16.2,54,87752,1.0,360,155,495,37
2012-01-12 09:00:00,23.0,31,87360,2.1,220,358,776,61
2012-01-12 10:00:00,24.0,29,87403,2.6,200,563,904,75
2012-01-12 11:00:00,22.1,39,87540,2.0,180,720,962,83
2012-01-12 12:00:00,26.0,23,87488,2.1,130,812,989,87
2012-01-12 13:00:00,26.0,24,87488,0.0,187,787,821,172
2012-01-12 14:00:00,25.5,30,87264,1.0,180,775,975,87
2012-01-12 15:00:00,27.0,21,87530,2.6,180,649,932,83
2012-01-12 16:00:00,25.0,26,87445,0.0,193,424,654,109
2012-01-12 17:00:00,24.0,29,87001,1.0,180,233,609,65
2012-01-12 18:00:00,21.8,33,86924,1.0,201,0,0,0
2012-01-12 19:00:00,19.7,38,86847,1.0,197,0,0,0
2012-01-12 20:00:00,17.5,43,86770,1.0,340,0,0,0
2012-01-12 21:00:00,16.9,43,86776,1.0,116,0,0,0
2012-01-12 22:00:00,16.4,44,86782,1.0,113,0,0,0
2012-01-12 23:00:00,15.8,44,86789,1.0,360,0,0,0
2012-01-13 00:00:00,15.0,45,86950,1.0,68,0,0,0
2012-01-13 01:00:00,14.2,47,87111,1.0,3,0,0,0
2012-01-13 02:00:00,13.4,48,87272,1.0,360,0,0,0
2012-01-13 03:00:00,13.2,48,87332,1.0,9,0,0,0
2012-01-13 04:00:00,12.9,47,87393,1.0,20,0,0,0
2012-01-13 05:00:00,12.7,47,87454,1.0,340,0,0,0
2012-01-13 06:00:00,14.0,51,86960,0.0,34,0,0,0
2012-01-13 07:00:00,20.0,30,87229,0.0,28,17,144,9
2012-01-13 08:00:00,16.2,36,87795,1.0,10,159,513,36
2012-01-13 09:00:00,23.0,25,87360,0.0,93,365,799,60
2012-01-13 10:00:00,25.0,24,87445,0.0,120,571,922,73
2012-01-13 11:00:00,22.0,33,87527,1.0,10,728,978,80
2012-01-13 12:00:00,25.0,21,87445,0.0,153,820,1001,84
2012-01-13 13:00:00,27.0,20,87530,0.0,164,746,679,237
2012-01-13 14:00:00,26.0,21,87488,2.6,180,739,823,162
2012-01-13 15:00:00,26.0,23,87488,0.0,170,569,610,194
2012-01-13 16:00:00,23.0,29,87360,0.0,166,386,478,157
2012-01-13 17:00:00,22.0,29,87316,0.0,168,196,339,100
2012-01-13 18:00:00,20.2,32,87122,0.3,159,0,0,0
2012-01-13 19:00:00,18.3,36,86928,0.7,142,0,0,0
2012-01-13 20:00:00,16.5,41,86734,1.0,360,0,0,0
2012-01-13 21:00:00,15.9,42,86836,1.0,112,0,0,0
2012-01-13 22:00:00,15.3,44,86939,1.0,102,0,0,0
2012-01-13 23:00:00,14.8,45,87041,1.0,84,0,0,0
2012-01-14 00:00:00,14.2,47,87143,1.0,78,0,0,0
2012-01-14 01:00:00,13.6,48,87245,1.0,79,0,0,0
2012-01-14 02:00:00,13.0,50,87348,1.0,360,0,0,0
2012-01-14 03:00:00,12.9,49,87369,1.0,77,0,0,0
2012-01-14 04:00:00,12.8,48,87390,1.0,87,0,0,0
2012-01-14 05:00:00,12.7,47,87411,1.0,360,0,0,0
2012-01-14 06:00:00,15.0,63,87006,0.0,77,0,0,0
2012-01-14 07:00:00,17.0,59,87096,0.0,67,16,0,16
2012-01-14 08:00:00,14.1,47,87639,1.0,130,116,255,62
2012-01-14 09:00:00,22.0,35,87316,3.1,180,285,439,134
2012-01-14 10:00:00,23.0,33,87360,2.6,160,512,688,125
2012-01-14 11:00:00,21.0,40,87544,2.0,200,684,832,117
2012-01-14 12:00:00,25.0,28,87445,2.6,190,802,971,87
2012-01-14 13:00:00,26.0,26,87488,0.0,176,820,970,90
2012-01-14 14:00:00,26.0,24,87488,0.0,183,763,949,90
2012-01-14 15:00:00,26.0,24,87488,0.0,187,638,903,86
2012-01-14 16:00:00,25.0,26,87445,0.0,191,458,814,77
2012-01-14 17:00:00,23.0,33,86993,1.0,200,243,628,57
2012-01-14 18:00:00,21.0,38,86940,1.0,221,0,0,0
2012-01-14 19:00:00,19.0,43,86887,1.0,248,0,0,0
2012-01-14 20:00:00,17.0,49,86834,1.0,340,0,0,0
2012-01-14 21:00:00,16.7,49,86845,1.0,288,0,0,0
2012-01-14 22:00:00,16.3,49,86855,1.0,312,0,0,0
2012-01-14 23:00:00,16.0,49,86866,1.0,340,0,0,0
2012-01-15 00:00:00,15.6,50,87018,1.0,3,0,0,0
2012-01-15 01:00:00,15.1,52,87171,1.0,22,0,0,0
2012-01-15 02:00:00,14.7,53,87323,1.0,360,0,0,0
2012-01-15 03:00:00,14.0,56,87315,0.8,51,0,0,0
2012-01-15 04:00:00,13.2,60,87307,0.5,60,0,0,0
2012-01-15 05:00:00,12.5,64,87299,0.2,52,0,0,0
2012-01-15 06:00:00,14.0,67,86960,0.0,43,0,0,0
2012-01-15 07:00:00,20.0,49,87229,0.0,38,12,0,12
2012-01-15 08:00:00,21.0,43,87273,2.6,150,118,232,62
2012-01-15 09:00:00,23.0,36,87360,2.6,170,260,290,151
2012-01-15 10:00:00,22.5,39,87461,1.8,129,524,736,105
2012-01-15 11:00:00,22.0,43,87562,1.0,10,605,569,239
2012-01-15 12:00:00,26.0,26,87488,2.6,230,726,699,204
2012-01-15 13:00:00,28.0,22,87572,3.1,150,771,795,171
2012-01-15 14:00:00,25.8,29,87285,2.0,200,743,861,130
2012-01-15 15:00:00,28.0,20,87572,2.6,220,620,811,122
2012-01-15 16:00:00,26.0,23,87488,3.1,170,442,706,108
2012-01-15 17:00:00,24.0,27,87403,0.0,204,233,490,81
2012-01-15 18:00:00,21.8,32,87177,0.3,217,0,0,0
2012-01-15 19:00:00,19.7,37,86952,0.7,239,0,0,0
2012-01-15 20:00:00,17.5,44,86727,1.0,360,0,0,0
2012-01-15 21:00:00,17.1,44,86749,1.0,51,0,0,0
2012-01-15 22:00:00,16.7,44,86772,1.0,74,0,0,0
2012-01-15 23:00:00,16.3,45,86794,1.0,360,0,0,0
2012-01-16 00:00:00,15.9,46,86893,1.0,106,0,0,0
2012-01-16 01:00:00,15.5,47,86992,1.0,114,0,0,0
2012-01-16 02:00:00,15.1,49,87091,1.0,93,0,0,0
2012-01-16 03:00:00,14.7,50,87191,1.0,63,0,0,0
2012-01-16 04:00:00,14.3,51,87290,1.0,22,0,0,0
2012-01-16 05:00:00,13.9,53,87389,1.0,330,0,0,0
2012-01-16 06:00:00,15.0,55,87006,0.0,13,0,0,0
2012-01-16 07:00:00,16.0,51,87051,0.0,22,14,76,10
2012-01-16 08:00:00,16.0,50,87717,1.0,110,146,410,47
2012-01-16 09:00:00,20.0,38,87560,1.2,107,344,683,78
2012-01-16 10:00:00,24.0,29,87403,1.5,280,545,827,95
2012-01-16 11:00:00,21.1,40,87540,1.0,150,701,895,104
2012-01-16 12:00:00,24.0,31,87535,1.5,163,794,926,108
2012-01-16 13:00:00,27.0,24,87530,2.1,250,784,824,162
2012-01-16 14:00:00,28.0,22,87572,1.0,170,729,802,162
2012-01-16 15:00:00,28.0,20,87572,2.6,190,634,853,108
2012-01-16 16:00:00,26.0,23,87488,2.1,180,452,738,101
2012-01-16 17:00:00,25.0,32,87182,1.0,200,239,515,78
2012-01-16 18:00:00,22.9,35,87113,1.0,244,0,0,0
2012-01-16 19:00:00,20.7,38,87043,1.0,270,0,0,0
2012-01-16 20:00:00,18.6,42,86974,1.0,360,0,0,0
2012-01-16 21:00:00,18.0,43,86966,1.0,317,0,0,0
2012-01-16 22:00:00,17.5,43,86958,1.0,326,0,0,0
2012-01-16 23:00:00,16.9,44,86950,1.0,360,0,0,0
2012-01-17 00:00:00,16.3,46,87101,1.0,144,0,0,0
2012-01-17 01:00:00,15.6,47,87253,1.0,84,0,0,0
2012-01-17 02:00:00,15.0,49,87405,1.0,360,0,0,0
2012-01-17 03:00:00,14.5,51,87409,0.8,27,0,0,0
2012-01-17 04:00:00,13.9,54,87413,0.5,8,0,0,0
2012-01-17 05:00:00,13.4,56,87418,0.2,1,0,0,0
2012-01-17 06:00:00,17.0,52,87096,0.0,359,0,0,0
2012-01-17 07:00:00,17.0,52,87096,0.0,357,13,0,13
2012-01-17 08:00:00,20.0,46,87229,0.0,6,144,381,51
2012-01-17 09:00:00,23.0,41,87360,2.1,110,339,639,88
2012-01-17 10:00:00,24.0,34,87403,0.0,212,537,776,113
2012-01-17 11:00:00,25.0,32,87445,0.0,203,692,842,128
2012-01-17 12:00:00,26.0,30,87488,0.0,205,784,878,133
2012-01-17 13:00:00,26.5,28,87509,1.3,206,803,880,136
2012-01-17 14:00:00,27.0,26,87530,2.6,160,750,858,134
2012-01-17 15:00:00,27.0,24,87530,1.5,180,621,772,140
2012-01-17 16:00:00,27.0,23,87530,0.0,204,440,651,128
2012-01-17 17:00:00,25.0,28,87445,0.0,207,232,438,92
2012-01-17 18:00:00,22.9,30,87359,0.1,212,0,0,0
2012-01-17 19:00:00,20.9,34,87273,0.2,233,0,0,0
2012-01-17 20:00:00,18.8,37,87186,0.2,279,0,0,0
2012-01-17 21:00:00,18.3,38,87162,0.3,314,0,0,0
2012-01-17 22:00:00,17.9,39,87137,0.4,337,0,0,0
2012-01-17 23:00:00,17.4,41,87112,0.5,348,0,0,0
2012-01-18 00:00:00,16.8,43,87247,0.5,355,0,0,0
2012-01-18 01:00:00,16.2,45,87382,0.6,2,0,0,0
2012-01-18 02:00:00,15.7,47,87517,0.7,11,0,0,0
2012-01-18 03:00:00,15.2,50,87504,0.5,18,0,0,0
2012-01-18 04:00:00,14.8,53,87492,0.3,25,0,0,0
2012-01-18 05:00:00,14.3,56,87479,0.2,31,0,0,0
2012-01-18 06:00:00,18.0,52,87141,0.0,33,0,0,0
2012-01-18 07:00:00,17.6,50,87443,0.5,33,8,0,8
2012-01-18 08:00:00,17.2,49,87745,1.0,110,108,162,67
2012-01-18 09:00:00,21.1,39,87595,2.0,56,281,354,135
2012-01-18 10:00:00,25.0,32,87445,3.1,160,497,587,168
2012-01-18 11:00:00,22.5,43,87558,2.0,10,660,699,183
2012-01-18 12:00:00,26.0,28,87488,2.6,170,766,778,187
2012-01-18 13:00:00,27.0,26,87530,2.6,160,788,790,187
2012-01-18 14:00:00,28.0,23,87572,1.0,200,737,777,178
2012-01-18 15:00:00,28.0,23,87572,1.5,184,608,678,184
2012-01-18 16:00:00,28.0,23,87572,2.1,270,428,540,166
2012-01-18 17:00:00,24.0,31,87403,2.1,330,204,253,111
2012-01-18 18:00:00,22.3,34,87241,1.7,172,0,0,0
2012-01-18 19:00:00,20.6,37,87080,1.4,142,0,0,0
2012-01-18 20:00:00,18.9,41,86918,1.0,360,0,0,0
2012-01-18 21:00:00,18.3,42,86964,1.0,143,0,0,0
2012-01-18 22:00:00,17.6,44,87011,1.0,153,0,0,0
2012-01-18 23:00:00,17.0,45,87057,1.0,360,0,0,0
2012-01-19 00:00:00,16.5,46,87144,1.0,181,0,0,0
2012-01-19 01:00:00,16.0,46,87231,1.0,254,0,0,0
2012-01-19 02:00:00,15.4,47,87318,1.0,334,0,0,0
2012-01-19 03:00:00,14.9,47,87404,1.0,338,0,0,0
2012-01-19 04:00:00,14.4,48,87491,1.0,338,0,0,0
2012-01-19 05:00:00,13.9,49,87578,1.0,220,0,0,0
2012-01-19 06:00:00,16.0,45,87051,0.0,351,0,0,0
2012-01-19 07:00:00,20.0,35,87229,0.0,359,12,0,12
2012-01-19 08:00:00,15.9,48,87721,1.0,10,139,337,57
2012-01-19 09:00:00,22.0,29,87316,1.5,230,332,590,99
2012-01-19 10:00:00,23.0,29,87360,2.6,140,531,733,128
2012-01-19 11:00:00,22.0,37,87562,1.0,220,685,804,145
2012-01-19 12:00:00,26.0,23,87488,2.6,210,785,870,135
2012-01-19 13:00:00,26.0,23,87488,3.1,140,806,876,136
2012-01-19 14:00:00,25.0,32,87148,1.0,200,690,635,225
2012-01-19 15:00:00,26.0,24,87488,1.5,190,559,532,214
2012-01-19 16:00:00,25.0,28,87445,0.0,227,378,461,160
2012-01-19 17:00:00,23.0,34,86872,1.0,250,166,188,118
2012-01-19 18:00:00,21.5,38,86822,1.0,236,0,0,0
2012-01-19 19:00:00,20.0,41,86771,1.0,250,0,0,0
2012-01-19 20:00:00,18.5,45,86720,1.0,360,0,0,0
2012-01-19 21:00:00,17.7,47,86731,1.0,289,0,0,0
2012-01-19 22:00:00,16.8,49,86743,1.0,295,0,0,0
2012-01-19 23:00:00,16.0,51,86755,1.0,360,0,0,0
2012-01-20 00:00:00,15.7,51,86891,1.0,286,0,0,0
2012-01-20 01:00:00,15.5,51,87028,1.0,353,0,0,0
2012-01-20 02:00:00,15.2,51,87165,1.0,23,0,0,0
2012-01-20 03:00:00,14.5,54,87152,1.0,26,0,0,0
2012-01-20 04:00:00,13.7,57,87138,1.0,23,0,0,0
2012-01-20 05:00:00,13.0,60,87125,1.0,21,0,0,0
2012-01-20 06:00:00,16.0,59,87051,0.0,22,0,0,0
2012-01-20 07:00:00,19.0,49,87185,0.0,25,13,69,10
2012-01-20 08:00:00,16.5,56,87482,1.0,360,144,388,50
2012-01-20 09:00:00,23.0,38,87360,0.0,50,341,652,84
2012-01-20 10:00:00,24.0,36,87403,0.0,137,542,795,105
2012-01-20 11:00:00,26.0,30,87488,0.0,177,698,861,118
2012-01-20 12:00:00,27.0,28,87530,2.6,190,779,839,152
2012-01-20 13:00:00,27.0,26,87530,3.1,150,793,814,171
2012-01-20 14:00:00,26.2,35,87121,2.0,200,735,768,178
2012-01-20 15:00:00,28.0,23,87572,2.1,150,610,685,178
2012-01-20 16:00:00,27.0,23,87530,0.0,212,433,559,158
2012-01-20 17:00:00,25.0,30,87445,0.0,220,228,353,110
2012-01-20 18:00:00,22.0,38,87316,0.0,229,0,0,0
2012-01-20 19:00:00,20.5,42,86941,0.5,246,0,0,0
2012-01-20 20:00:00,18.9,47,86565,1.0,360,0,0,0
2012-01-20 21:00:00,19.2,48,86614,1.0,287,0,0,0
2012-01-20 22:00:00,19.4,48,86663,1.0,290,0,0,0
2012-01-20 23:00:00,19.7,49,86712,1.0,360,0,0,0
2012-01-21 00:00:00,18.9,51,86868,1.0,248,0,0,0
2012-01-21 01:00:00,18.2,53,87023,1.0,195,0,0,0
2012-01-21 02:00:00,17.4,55,87178,1.0,360,0,0,0
2012-01-21 03:00:00,16.6,57,87154,1.0,72,0,0,0
2012-01-21 04:00:00,15.8,59,87129,1.0,38,0,0,0
2012-01-21 05:00:00,15.0,62,87105,1.0,360,0,0,0
2012-01-21 06:00:00,17.0,68,87096,0.0,47,0,0,0
2012-01-21 07:00:00,21.0,53,87273,0.0,55,10,19,9
2012-01-21 08:00:00,17.2,67,87367,0.0,80,132,245,71
2012-01-21 09:00:00,24.0,47,87403,0.0,211,321,488,122
2012-01-21 10:00:00,25.0,39,87445,0.0,209,519,666,149
2012-01-21 11:00:00,22.9,46,87239,0.0,212,676,761,161
2012-01-21 12:00:00,27.0,32,87530,0.0,217,780,850,141
2012-01-21 13:00:00,28.0,28,87572,2.1,170,804,869,137
2012-01-21 14:00:00,27.1,39,86968,2.0,10,752,847,136
2012-01-21 15:00:00,28.0,25,87572,2.6,210,631,796,129
2012-01-21 16:00:00,27.0,30,87530,0.0,232,455,703,112
2012-01-21 17:00:00,26.0,35,86775,1.0,350,247,520,80
2012-01-21 18:00:00,24.3,39,86713,1.0,231,0,0,0
2012-01-21 19:00:00,22.7,44,86651,1.0,237,0,0,0
2012-01-21 20:00:00,21.0,49,86588,1.0,320,0,0,0
2012-01-21 21:00:00,20.0,53,86590,1.0,252,0,0,0
2012-01-21 22:00:00,19.0,56,86592,1.0,256,0,0,0
2012-01-21 23:00:00,18.0,60,86594,1.0,360,0,0,0
2012-01-22 00:00:00,17.3,63,86725,1.0,259,0,0,0
2012-01-22 01:00:00,16.5,66,86856,1.0,257,0,0,0
2012-01-22 02:00:00,15.8,69,86986,1.0,256,0,0,0
2012-01-22 03:00:00,15.3,73,87002,1.0,258,0,0,0
2012-01-22 04:00:00,14.7,76,87018,1.0,259,0,0,0
2012-01-22 05:00:00,14.2,79,87034,1.0,360,0,0,0
2012-01-22 06:00:00,16.0,72,87051,0.0,253,0,0,0
2012-01-22 07:00:00,20.0,56,87229,0.0,246,14,76,10
2012-01-22 08:00:00,15.3,80,87290,1.0,10,148,414,46
2012-01-22 09:00:00,24.0,47,87403,0.0,227,347,687,75
2012-01-22 10:00:00,24.0,44,87403,2.6,90,550,829,92
2012-01-22 11:00:00,23.2,53,87355,1.0,10,708,894,102
2012-01-22 12:00:00,28.0,28,87572,4.1,230,802,920,109
2012-01-22 13:00:00,27.0,30,87530,0.0,227,824,924,112
2012-01-22 14:00:00,28.0,26,87572,4.6,190,773,910,109
2012-01-22 15:00:00,28.0,26,87572,3.1,190,653,869,102
2012-01-22 16:00:00,27.0,28,87530,0.0,237,476,791,89
2012-01-22 17:00:00,25.0,32,87445,0.0,240,263,625,66
2012-01-22 18:00:00,22.8,37,87146,0.3,244,0,0,0
2012-01-22 19:00:00,20.7,44,86847,0.7,253,0,0,0
2012-01-22 20:00:00,18.5,52,86548,1.0,330,0,0,0
2012-01-22 21:00:00,17.9,54,86568,1.0,266,0,0,0
2012-01-22 22:00:00,17.4,55,86589,1.0,266,0,0,0
2012-01-22 23:00:00,16.8,56,86610,1.0,360,0,0,0
2012-01-23 00:00:00,15.8,59,86752,1.0,258,0,0,0
2012-01-23 01:00:00,14.9,62,86895,1.0,256,0,0,0
2012-01-23 02:00:00,13.9,66,87037,1.0,360,0,0,0
2012-01-23 03:00:00,13.3,67,87043,1.0,263,0,0,0
2012-01-23 04:00:00,12.8,68,87048,1.0,263,0,0,0
2012-01-23 05:00:00,12.2,69,87053,1.0,360,0,0,0
2012-01-23 06:00:00,15.0,63,87006,0.0,97,0,0,0
2012-01-23 07:00:00,20.0,49,87229,0.0,78,8,0,8
2012-01-23 08:00:00,15.0,67,87405,1.0,10,105,138,68
2012-01-23 09:00:00,23.0,41,87360,2.6,160,270,290,145
2012-01-23 10:00:00,24.0,38,87403,2.6,170,507,629,145
2012-01-23 11:00:00,22.1,50,87411,1.0,10,651,669,184
2012-01-23 12:00:00,26.0,32,87488,3.1,220,738,689,211
2012-01-23 13:00:00,28.0,26,87572,3.1,160,790,802,169
2012-01-23 14:00:00,28.0,25,87572,2.6,210,774,907,110
2012-01-23 15:00:00,27.0,28,87530,0.0,224,655,871,101
2012-01-23 16:00:00,26.0,30,87488,0.0,231,477,790,88
2012-01-23 17:00:00,25.0,32,87445,0.0,235,264,622,66
2012-01-23 18:00:00,23.0,38,87360,0.0,236,0,0,0
2012-01-23 19:00:00,21.7,40,87213,0.2,239,0,0,0
2012-01-23 20:00:00,20.4,42,87066,0.4,247,0,0,0
2012-01-23 21:00:00,19.0,44,86920,0.6,272,0,0,0
2012-01-23 22:00:00,17.7,47,86773,0.8,276,0,0,0
2012-01-23 23:00:00,16.4,49,86626,1.0,360,0,0,0
2012-01-24 00:00:00,15.6,49,86776,1.0,103,0,0,0
2012-01-24 01:00:00,14.8,50,86926,1.0,112,0,0,0
2012-01-24 02:00:00,14.0,50,87076,1.0,320,0,0,0
2012-01-24 03:00:00,13.7,54,87120,1.0,108,0,0,0
2012-01-24 04:00:00,13.4,60,87163,1.0,107,0,0,0
2012-01-24 05:00:00,13.1,65,87206,1.0,340,0,0,0
2012-01-24 06:00:00,15.6,60,87174,0.5,102,0,0,0
2012-01-24 07:00:00,18.0,56,87141,0.0,95,13,44,11
2012-01-24 08:00:00,22.0,43,87316,0.0,102,142,340,58
2012-01-24 09:00:00,22.0,43,87316,0.0,122,338,604,95
2012-01-24 10:00:00,24.0,38,87403,0.0,142,541,766,114
2012-01-24 11:00:00,25.0,34,87445,0.0,157,700,844,125
2012-01-24 12:00:00,26.0,32,87488,2.6,330,799,894,122
2012-01-24 13:00:00,26.0,32,87488,0.0,176,824,907,120
2012-01-24 14:00:00,27.0,28,87530,2.6,180,775,899,114
2012-01-24 15:00:00,26.0,28,87488,0.0,183,633,760,141
2012-01-24 16:00:00,26.0,28,87488,0.0,187,457,689,117
2012-01-24 17:00:00,24.0,31,87403,0.0,197,220,366,110
2012-01-24 18:00:00,22.0,38,87307,0.0,199,0,0,0
2012-01-24 19:00:00,20.7,41,87151,0.1,179,0,0,0
2012-01-24 20:00:00,19.5,43,86995,0.3,140,0,0,0
2012-01-24 21:00:00,18.2,46,86838,0.4,124,0,0,0
2012-01-24 22:00:00,16.9,49,86682,0.6,130,0,0,0
2012-01-24 23:00:00,15.6,52,86526,0.8,132,0,0,0
2012-01-25 00:00:00,14.8,52,86666,0.7,131,0,0,0
2012-01-25 01:00:00,14.1,53,86807,0.7,120,0,0,0
2012-01-25 02:00:00,13.3,54,86947,0.7,43,0,0,0
2012-01-25 03:00:00,13.0,60,86981,0.6,34,0,0,0
2012-01-25 04:00:00,12.8,66,87014,0.6,27,0,0,0
2012-01-25 05:00:00,12.5,72,87048,0.5,9,0,0,0
2012-01-25 06:00:00,15.0,67,87006,0.0,5,0,0,0
2012-01-25 07:00:00,17.0,63,87096,1.5,300,15,92,10
2012-01-25 08:00:00,16.1,65,86304,0.8,14,128,286,61
2012-01-25 09:00:00,22.0,41,87316,0.0,183,282,381,146
2012-01-25 10:00:00,22.0,43,87316,2.1,100,427,337,245
2012-01-25 11:00:00,21.1,53,87393,1.0,10,543,319,326
2012-01-25 12:00:00,23.5,41,87441,1.2,235,639,372,354
2012-01-25 13:00:00,26.0,32,87488,1.5,150,684,421,355
2012-01-25 14:00:00,25.0,34,87445,2.1,150,502,185,362
2012-01-25 15:00:00,25.0,34,87445,0.0,257,423,168,312
2012-01-25 16:00:00,24.0,38,87403,0.0,263,246,85,200
2012-01-25 17:00:00,23.0,41,87360,0.0,268,120,69,86
2012-01-25 18:00:00,21.3,47,87182,0.3,284,0,0,0
2012-01-25 19:00:00,19.5,54,87004,0.7,323,0,0,0
2012-01-25 20:00:00,17.8,62,86826,1.0,330,0,0,0
2012-01-25 21:00:00,17.4,62,86882,1.0,8,0,0,0
2012-01-25 22:00:00,17.1,63,86937,1.0,26,0,0,0
2012-01-25 23:00:00,16.7,63,86992,1.0,330,0,0,0
2012-01-26 00:00:00,16.6,59,87135,1.0,51,0,0,0
2012-01-26 01:00:00,16.6,56,87278,1.0,55,0,0,0
2012-01-26 02:00:00,16.5,53,87422,1.0,360,0,0,0
2012-01-26 03:00:00,16.0,53,87399,1.0,54,0,0,0
2012-01-26 04:00:00,15.5,53,87376,1.0,46,0,0,0
2012-01-26 05:00:00,15.0,53,87354,1.0,360,0,0,0
2012-01-26 06:00:00,17.0,59,87096,0.0,29,0,0,0
2012-01-26 07:00:00,16.0,63,87051,0.0,26,11,20,10
2012-01-26 08:00:00,15.5,77,87565,1.0,130,121,228,64
2012-01-26 09:00:00,18.8,56,87441,1.0,36,286,357,143
2012-01-26 10:00:00,22.0,41,87316,1.0,130,359,249,233
2012-01-26 11:00:00,20.5,58,87600,2.0,180,586,438,287
2012-01-26 12:00:00,25.0,34,87445,2.1,200,649,385,351
2012-01-26 13:00:00,26.0,28,87488,0.0,117,683,434,343
2012-01-26 14:00:00,24.9,39,87454,1.0,10,673,514,292
2012-01-26 15:00:00,27.0,26,87530,2.6,130,634,760,155
2012-01-26 16:00:00,26.0,29,87488,1.3,180,484,776,95
2012-01-26 17:00:00,25.0,32,87445,0.0,199,270,602,72
2012-01-26 18:00:00,23.2,38,87281,0.3,207,0,0,0
2012-01-26 19:00:00,21.3,45,87117,0.7,183,0,0,0
2012-01-26 20:00:00,19.5,54,86953,1.0,320,0,0,0
2012-01-26 21:00:00,18.7,55,86999,1.0,111,0,0,0
2012-01-26 22:00:00,17.9,57,87046,1.0,101,0,0,0
2012-01-26 23:00:00,17.2,58,87092,1.0,82,0,0,0
2012-01-27 00:00:00,16.7,56,87226,1.0,54,0,0,0
2012-01-27 01:00:00,16.2,54,87360,1.0,33,0,0,0
2012-01-27 02:00:00,15.7,52,87494,1.0,23,0,0,0
2012-01-27 03:00:00,14.8,53,87463,1.0,19,0,0,0
2012-01-27 04:00:00,13.9,54,87431,1.0,20,0,0,0
2012-01-27 05:00:00,13.0,55,87399,1.0,360,0,0,0
2012-01-27 06:00:00,14.0,55,86960,0.0,22,0,0,0
2012-01-27 07:00:00,16.0,48,87051,0.0,18,16,110,10
2012-01-27 08:00:00,17.0,49,87753,1.0,10,154,456,41
2012-01-27 09:00:00,21.0,30,87273,0.0,43,359,733,67
2012-01-27 10:00:00,24.0,27,87403,2.1,180,567,868,81
2012-01-27 11:00:00,23.0,37,87614,2.3,117,729,933,88
2012-01-27 12:00:00,26.0,23,87488,2.6,150,827,957,95
2012-01-27 13:00:00,27.0,21,87530,1.0,80,851,960,99
2012-01-27 14:00:00,29.0,18,87614,0.0,191,800,942,99
2012-01-27 15:00:00,29.0,18,87614,0.0,197,677,894,98
2012-01-27 16:00:00,28.0,20,87572,0.0,201,494,800,91
2012-01-27 17:00:00,26.0,23,87488,0.0,211,275,610,72
2012-01-27 18:00:00,24.7,24,87362,0.2,203,0,0,0
2012-01-27 19:00:00,23.3,26,87236,0.3,141,0,0,0
2012-01-27 20:00:00,22.0,28,87110,0.5,63,0,0,0
2012-01-27 21:00:00,20.7,31,86984,0.7,65,0,0,0
2012-01-27 22:00:00,19.3,33,86858,0.8,56,0,0,0
2012-01-27 23:00:00,18.0,36,86732,1.0,270,0,0,0
2012-01-28 00:00:00,17.3,38,86831,1.0,25,0,0,0
2012-01-28 01:00:00,16.7,40,86930,1.0,20,0,0,0
2012-01-28 02:00:00,16.0,42,87029,1.0,17,0,0,0
2012-01-28 03:00:00,15.3,44,87127,1.0,14,0,0,0
2012-01-28 04:00:00,14.7,46,87226,1.0,13,0,0,0
2012-01-28 05:00:00,14.0,49,87325,1.0,310,0,0,0
2012-01-28 06:00:00,16.0,45,87051,2.1,290,0,0,0
2012-01-28 07:00:00,17.0,44,87388,1.4,9,19,170,9
2012-01-28 08:00:00,18.1,43,87726,0.7,12,165,532,33
2012-01-28 09:00:00,22.0,27,87316,0.0,29,375,813,54
2012-01-28 10:00:00,24.0,22,87403,3.1,130,586,927,66
2012-01-28 11:00:00,22.3,34,87437,1.0,10,749,978,74
2012-01-28 12:00:00,26.0,20,87488,3.1,130,847,1001,79
2012-01-28 13:00:00,28.0,19,87572,2.6,170,871,1004,82
2012-01-28 14:00:00,28.0,17,87572,2.6,160,820,988,82
2012-01-28 15:00:00,28.0,17,87572,2.1,250,696,951,78
2012-01-28 16:00:00,27.0,20,87530,0.0,137,514,881,70
2012-01-28 17:00:00,25.0,22,87445,0.0,144,293,732,54
2012-01-28 18:00:00,22.0,29,87316,0.0,193,0,0,0
2012-01-28 19:00:00,21.0,33,87273,0.0,87,0,0,0
2012-01-28 20:00:00,20.0,38,86708,1.0,340,0,0,0
2012-01-28 21:00:00,19.8,38,86729,1.0,88,0,0,0
2012-01-28 22:00:00,19.5,38,86751,1.0,104,0,0,0
2012-01-28 23:00:00,19.3,39,86772,1.0,340,0,0,0
2012-01-29 00:00:00,18.2,39,86924,1.0,18,0,0,0
2012-01-29 01:00:00,17.1,38,87075,1.0,17,0,0,0
2012-01-29 02:00:00,16.0,38,87227,1.0,320,0,0,0
2012-01-29 03:00:00,15.2,39,87229,1.0,2,0,0,0
2012-01-29 04:00:00,14.3,40,87231,1.0,2,0,0,0
2012-01-29 05:00:00,13.5,41,87233,1.0,320,0,0,0
2012-01-29 06:00:00,14.0,47,86960,0.0,7,0,0,0
2012-01-29 07:00:00,18.0,34,87141,0.0,9,19,168,9
2012-01-29 08:00:00,17.0,39,87650,1.0,330,167,533,35
2012-01-29 09:00:00,22.0,25,87316,1.5,180,381,816,57
2012-01-29 10:00:00,24.0,22,87403,2.1,190,593,929,71
2012-01-29 11:00:00,22.7,33,87377,2.0,180,756,973,83
2012-01-29 12:00:00,25.0,18,87445,0.0,102,851,984,95
2012-01-29 13:00:00,28.0,15,87572,0.0,116,873,975,103
2012-01-29 14:00:00,28.0,14,87572,0.0,129,818,950,106
2012-01-29 15:00:00,28.0,14,87572,0.0,139,694,906,101
2012-01-29 16:00:00,28.0,14,87572,0.0,149,511,829,89
2012-01-29 17:00:00,26.0,18,87488,0.0,156,290,671,67
2012-01-29 18:00:00,24.3,21,87201,0.3,156,0,0,0
2012-01-29 19:00:00,22.6,24,86914,0.7,131,0,0,0
2012-01-29 20:00:00,20.9,27,86627,1.0,290,0,0,0
2012-01-29 21:00:00,19.9,28,86630,1.0,91,0,0,0
2012-01-29 22:00:00,19.0,30,86634,1.0,64,0,0,0
2012-01-29 23:00:00,18.0,31,86637,1.0,310,0,0,0
2012-01-30 00:00:00,17.1,32,86738,1.0,29,0,0,0
2012-01-30 01:00:00,16.3,33,86838,1.0,22,0,0,0
2012-01-30 02:00:00,15.4,34,86939,1.0,20,0,0,0
2012-01-30 03:00:00,14.6,36,87039,1.0,18,0,0,0
2012-01-30 04:00:00,13.8,37,87140,1.0,19,0,0,0
2012-01-30 05:00:00,12.9,38,87240,1.0,330,0,0,0
2012-01-30 06:00:00,14.0,38,86960,0.0,25,0,0,0
2012-01-30 07:00:00,17.0,32,87096,0.0,26,19,157,10
2012-01-30 08:00:00,15.0,36,87706,0.0,41,167,522,37
2012-01-30 09:00:00,20.0,24,87229,0.0,86,381,806,60
2012-01-30 10:00:00,22.0,18,87316,0.0,121,510,608,182
2012-01-30 11:00:00,21.0,32,87492,2.0,200,702,756,162
2012-01-30 12:00:00,24.0,17,87403,1.5,130,737,614,264
2012-01-30 13:00:00,26.0,14,87488,4.1,30,885,1007,87
2012-01-30 14:00:00,26.0,13,87488,2.1,120,833,993,86
2012-01-30 15:00:00,26.0,13,87488,2.6,180,710,956,82
2012-01-30 16:00:00,26.0,12,87488,0.0,157,526,886,73
2012-01-30 17:00:00,22.0,20,87316,0.0,154,301,735,57
2012-01-30 18:00:00,20.3,23,87135,0.3,148,0,0,0
2012-01-30 19:00:00,18.7,27,86954,0.7,140,0,0,0
2012-01-30 20:00:00,17.0,32,86774,1.0,340,0,0,0
2012-01-30 21:00:00,16.0,34,86777,1.0,53,0,0,0
2012-01-30 22:00:00,15.0,37,86781,1.0,41,0,0,0
2012-01-30 23:00:00,14.0,40,86784,1.0,360,0,0,0
2012-01-31 00:00:00,13.6,40,86951,1.0,64,0,0,0
2012-01-31 01:00:00,13.3,41,87117,1.0,103,0,0,0
2012-01-31 02:00:00,12.9,42,87283,1.0,290,0,0,0
2012-01-31 03:00:00,12.6,47,87145,0.7,115,0,0,0
2012-01-31 04:00:00,12.3,52,87007,0.3,102,0,0,0
2012-01-31 05:00:00,12.0,58,86868,0.0,96,0,0,0
2012-01-31 06:00:00,12.0,58,86868,0.0,94,0,0,0
2012-01-31 07:00:00,17.0,42,87096,0.0,85,19,150,10
2012-01-31 08:00:00,18.0,39,87141,0.0,84,166,508,37
2012-01-31 09:00:00,20.0,30,87229,3.1,150,377,786,62
2012-01-31 10:00:00,21.0,28,87273,0.0,209,588,905,76
2012-01-31 11:00:00,21.5,28,87295,0.0,210,752,960,84
2012-01-31 12:00:00,22.0,27,87316,0.0,213,852,985,89
2012-01-31 13:00:00,25.0,19,87445,2.6,180,878,990,90
2012-01-31 14:00:00,26.0,20,87488,3.1,240,827,978,88
2012-01-31 15:00:00,26.0,21,87488,3.1,190,705,941,84
2012-01-31 16:00:00,25.0,22,87445,2.6,210,523,872,75
2012-01-31 17:00:00,23.0,27,87360,0.0,234,301,722,59
2012-01-31 18:00:00,19.2,37,86963,0.8,255,0,0,0
2012-01-31 19:00:00,17.9,41,86878,0.9,264,0,0,0
2012-01-31 20:00:00,16.9,44,86839,1.0,269,0,0,0
2012-01-31 21:00:00,16.5,45,86887,1.0,208,0,0,0
2012-01-31 22:00:00,16.3,46,87020,1.0,148,0,0,0
2012-01-31 23:00:00,16.2,45,87238,1.0,170,0,0,0
